Div,Date,HomeTeam,AwayTeam,FTHG,FTAG,FTR,HTHG,HTAG,HTR,Referee,HS,AS,HST,AST,HF,AF,HC,AC,HY,AY,HR,AR
E0,2009-08-16,Tottenham,Liverpool,2.0,1.0,H,1.0,0.0,H,P Dowd,17.0,6.0,11.0,3.0,14.0,16.0,6.0,5.0,3.0,3.0,0.0,0.0
E0,2009-08-29,Tottenham,Birmingham,2.0,1.0,H,0.0,0.0,D,P Walton,20.0,11.0,14.0,6.0,12.0,10.0,7.0,3.0,2.0,2.0,0.0,0.0
E0,2009-09-12,Tottenham,Man United,1.0,3.0,A,1.0,2.0,A,A Marriner,11.0,17.0,7.0,13.0,16.0,13.0,3.0,9.0,3.0,2.0,0.0,1.0
E0,2009-09-26,Tottenham,Burnley,5.0,0.0,H,2.0,0.0,H,M Dean,18.0,10.0,12.0,7.0,10.0,14.0,2.0,7.0,1.0,1.0,0.0,0.0
E0,2009-10-24,Tottenham,Stoke,0.0,1.0,A,0.0,0.0,D,L Probert,22.0,8.0,12.0,2.0,8.0,18.0,7.0,1.0,0.0,3.0,0.0,0.0
E0,2009-11-07,Tottenham,Sunderland,2.0,0.0,H,1.0,0.0,H,K Friend,10.0,14.0,8.0,6.0,10.0,19.0,4.0,4.0,1.0,2.0,0.0,0.0
E0,2009-11-22,Tottenham,Wigan,9.0,1.0,H,1.0,0.0,H,P Walton,28.0,11.0,16.0,5.0,9.0,11.0,10.0,5.0,1.0,0.0,0.0,0.0
E0,2009-12-12,Tottenham,Wolves,0.0,1.0,A,0.0,1.0,A,S Attwell,18.0,3.0,10.0,3.0,8.0,13.0,1.0,5.0,0.0,5.0,0.0,0.0
E0,2009-12-16,Tottenham,Man City,3.0,0.0,H,1.0,0.0,H,A Wiley,19.0,9.0,7.0,5.0,10.0,8.0,5.0,6.0,2.0,3.0,0.0,0.0
E0,2009-12-28,Tottenham,West Ham,2.0,0.0,H,1.0,0.0,H,C Foy,21.0,3.0,9.0,2.0,9.0,14.0,9.0,3.0,2.0,3.0,0.0,0.0
E0,2010-01-16,Tottenham,Hull,0.0,0.0,D,0.0,0.0,D,M Atkinson,25.0,8.0,18.0,2.0,14.0,11.0,14.0,1.0,4.0,2.0,0.0,0.0
E0,2010-01-26,Tottenham,Fulham,2.0,0.0,H,1.0,0.0,H,M Dean,13.0,9.0,7.0,6.0,11.0,16.0,11.0,3.0,1.0,1.0,0.0,0.0
E0,2010-02-06,Tottenham,Aston Villa,0.0,0.0,D,0.0,0.0,D,C Foy,28.0,10.0,15.0,5.0,10.0,13.0,12.0,4.0,0.0,0.0,0.0,0.0
E0,2010-02-28,Tottenham,Everton,2.0,1.0,H,2.0,0.0,H,S Bennett,13.0,14.0,9.0,10.0,9.0,18.0,6.0,9.0,1.0,4.0,0.0,0.0
E0,2010-03-13,Tottenham,Blackburn,3.0,1.0,H,1.0,0.0,H,H Webb,14.0,10.0,7.0,7.0,12.0,7.0,5.0,6.0,0.0,0.0,0.0,0.0
E0,2010-03-27,Tottenham,Portsmouth,2.0,0.0,H,2.0,0.0,H,K Friend,16.0,8.0,8.0,3.0,5.0,9.0,11.0,2.0,0.0,1.0,0.0,0.0
E0,2010-04-14,Tottenham,Arsenal,2.0,1.0,H,1.0,0.0,H,M Clattenburg,13.0,19.0,10.0,11.0,13.0,10.0,4.0,6.0,3.0,1.0,0.0,0.0
E0,2010-04-17,Tottenham,Chelsea,2.0,1.0,H,2.0,0.0,H,P Dowd,20.0,9.0,10.0,6.0,7.0,14.0,13.0,4.0,2.0,4.0,0.0,1.0
E0,2010-05-01,Tottenham,Bolton,1.0,0.0,H,1.0,0.0,H,C Foy,25.0,11.0,12.0,7.0,11.0,10.0,11.0,7.0,0.0,3.0,0.0,0.0
E0,2009-08-19,Hull,Tottenham,1.0,5.0,A,1.0,3.0,A,C Foy,9.0,18.0,7.0,12.0,23.0,13.0,6.0,5.0,3.0,2.0,0.0,0.0
E0,2009-08-23,West Ham,Tottenham,1.0,2.0,A,0.0,0.0,D,M Clattenburg,17.0,17.0,8.0,10.0,13.0,11.0,4.0,8.0,2.0,1.0,0.0,0.0
E0,2009-09-20,Chelsea,Tottenham,3.0,0.0,H,1.0,0.0,H,H Webb,25.0,9.0,15.0,4.0,7.0,9.0,11.0,3.0,0.0,2.0,0.0,0.0
E0,2009-10-03,Bolton,Tottenham,2.0,2.0,D,1.0,1.0,D,M Jones,12.0,17.0,9.0,9.0,15.0,16.0,5.0,6.0,2.0,1.0,0.0,0.0
E0,2009-10-17,Portsmouth,Tottenham,1.0,2.0,A,0.0,2.0,A,P Dowd,23.0,9.0,13.0,4.0,14.0,13.0,10.0,9.0,3.0,3.0,1.0,1.0
E0,2009-10-31,Arsenal,Tottenham,3.0,0.0,H,2.0,0.0,H,M Clattenburg,18.0,7.0,12.0,5.0,10.0,10.0,6.0,2.0,1.0,1.0,0.0,0.0
E0,2009-11-28,Aston Villa,Tottenham,1.0,1.0,D,1.0,0.0,H,P Dowd,12.0,23.0,4.0,17.0,10.0,8.0,7.0,9.0,0.0,1.0,0.0,0.0
E0,2009-12-06,Everton,Tottenham,2.0,2.0,D,0.0,0.0,D,A Marriner,15.0,19.0,6.0,11.0,11.0,18.0,1.0,6.0,4.0,4.0,0.0,0.0
E0,2009-12-19,Blackburn,Tottenham,0.0,2.0,A,0.0,1.0,A,P Walton,13.0,7.0,9.0,2.0,7.0,6.0,5.0,0.0,0.0,1.0,0.0,0.0
E0,2009-12-26,Fulham,Tottenham,0.0,0.0,D,0.0,0.0,D,S Bennett,15.0,6.0,6.0,1.0,19.0,12.0,4.0,2.0,1.0,0.0,0.0,0.0
E0,2010-01-20,Liverpool,Tottenham,2.0,0.0,H,1.0,0.0,H,H Webb,13.0,7.0,5.0,5.0,11.0,17.0,2.0,3.0,2.0,3.0,0.0,0.0
E0,2010-01-30,Birmingham,Tottenham,1.0,1.0,D,0.0,0.0,D,S Attwell,12.0,21.0,6.0,12.0,12.0,8.0,5.0,8.0,4.0,2.0,0.0,0.0
E0,2010-02-10,Wolves,Tottenham,1.0,0.0,H,1.0,0.0,H,M Clattenburg,8.0,10.0,4.0,4.0,15.0,10.0,5.0,7.0,2.0,1.0,0.0,0.0
E0,2010-02-21,Wigan,Tottenham,0.0,3.0,A,0.0,1.0,A,A Wiley,8.0,13.0,7.0,12.0,17.0,13.0,3.0,2.0,3.0,4.0,0.0,0.0
E0,2010-03-20,Stoke,Tottenham,1.0,2.0,A,0.0,0.0,D,M Dean,8.0,16.0,4.0,9.0,7.0,9.0,6.0,7.0,2.0,2.0,1.0,0.0
E0,2010-04-03,Sunderland,Tottenham,3.0,1.0,H,2.0,0.0,H,L Mason,11.0,12.0,10.0,9.0,16.0,15.0,6.0,6.0,2.0,0.0,0.0,0.0
E0,2010-04-24,Man United,Tottenham,3.0,1.0,H,0.0,0.0,D,A Marriner,15.0,9.0,8.0,3.0,13.0,10.0,4.0,4.0,1.0,0.0,0.0,0.0
E0,2010-05-05,Man City,Tottenham,0.0,1.0,A,0.0,0.0,D,S Bennett,10.0,10.0,5.0,6.0,12.0,14.0,9.0,7.0,0.0,3.0,0.0,0.0
E0,2010-05-09,Burnley,Tottenham,4.0,2.0,H,1.0,2.0,A,M Dean,16.0,16.0,12.0,11.0,9.0,8.0,5.0,6.0,0.0,0.0,0.0,0.0
E0,14/08/10,Tottenham,Man City,0.0,0.0,D,0.0,0.0,D,A Marriner,22.0,11.0,18.0,7.0,13.0,16.0,10.0,3.0,0.0,2.0,0.0,0.0
E0,28/08/10,Tottenham,Wigan,0.0,1.0,A,0.0,0.0,D,P Dowd,12.0,13.0,7.0,5.0,10.0,11.0,16.0,7.0,3.0,2.0,0.0,0.0
E0,18/09/10,Tottenham,Wolves,3.0,1.0,H,0.0,1.0,A,M Jones,20.0,5.0,11.0,2.0,7.0,11.0,5.0,4.0,3.0,3.0,0.0,0.0
E0,02/10/10,Tottenham,Aston Villa,2.0,1.0,H,1.0,1.0,D,M Clattenburg,19.0,13.0,10.0,4.0,12.0,19.0,10.0,4.0,1.0,3.0,0.0,0.0
E0,23/10/10,Tottenham,Everton,1.0,1.0,D,1.0,1.0,D,M Jones,13.0,7.0,8.0,3.0,15.0,14.0,4.0,4.0,3.0,1.0,0.0,0.0
E0,09/11/10,Tottenham,Sunderland,1.0,1.0,D,0.0,0.0,D,H Webb,20.0,8.0,12.0,4.0,6.0,15.0,17.0,3.0,2.0,1.0,0.0,0.0
E0,13/11/10,Tottenham,Blackburn,4.0,2.0,H,2.0,0.0,H,A Marriner,20.0,12.0,12.0,8.0,11.0,11.0,12.0,6.0,2.0,2.0,0.0,0.0
E0,28/11/10,Tottenham,Liverpool,2.0,1.0,H,0.0,1.0,A,M Atkinson,20.0,12.0,13.0,8.0,6.0,16.0,5.0,8.0,0.0,5.0,0.0,0.0
E0,12/12/10,Tottenham,Chelsea,1.0,1.0,D,1.0,0.0,H,M Dean,10.0,13.0,3.0,7.0,9.0,13.0,1.0,7.0,2.0,2.0,0.0,0.0
E0,28/12/10,Tottenham,Newcastle,2.0,0.0,H,0.0,0.0,D,A Taylor,13.0,12.0,8.0,8.0,9.0,16.0,9.0,7.0,2.0,4.0,1.0,0.0
E0,01/01/11,Tottenham,Fulham,1.0,0.0,H,1.0,0.0,H,M Jones,13.0,12.0,9.0,4.0,11.0,9.0,5.0,1.0,2.0,1.0,0.0,0.0
E0,16/01/11,Tottenham,Man United,0.0,0.0,D,0.0,0.0,D,M Dean,16.0,7.0,6.0,4.0,9.0,18.0,8.0,2.0,2.0,4.0,0.0,1.0
E0,05/02/11,Tottenham,Bolton,2.0,1.0,H,1.0,0.0,H,M Clattenburg,13.0,8.0,7.0,3.0,13.0,11.0,6.0,7.0,1.0,3.0,0.0,0.0
E0,19/03/11,Tottenham,West Ham,0.0,0.0,D,0.0,0.0,D,M Dean,26.0,11.0,14.0,5.0,6.0,13.0,6.0,2.0,0.0,4.0,0.0,0.0
E0,09/04/11,Tottenham,Stoke,3.0,2.0,H,3.0,2.0,H,K Friend,9.0,10.0,8.0,5.0,11.0,16.0,10.0,5.0,1.0,3.0,0.0,0.0
E0,20/04/11,Tottenham,Arsenal,3.0,3.0,D,2.0,3.0,A,M Atkinson,16.0,13.0,9.0,9.0,8.0,13.0,7.0,6.0,0.0,3.0,0.0,0.0
E0,23/04/11,Tottenham,West Brom,2.0,2.0,D,1.0,1.0,D,S Attwell,19.0,10.0,9.0,4.0,8.0,9.0,11.0,1.0,1.0,1.0,0.0,0.0
E0,07/05/11,Tottenham,Blackpool,1.0,1.0,D,0.0,0.0,D,L Probert,20.0,13.0,11.0,7.0,5.0,13.0,7.0,6.0,3.0,2.0,0.0,0.0
E0,22/05/11,Tottenham,Birmingham,2.0,1.0,H,0.0,0.0,D,M Clattenburg,22.0,7.0,16.0,3.0,5.0,15.0,7.0,5.0,0.0,3.0,0.0,0.0
E0,21/08/10,Stoke,Tottenham,1.0,2.0,A,1.0,2.0,A,C Foy,15.0,7.0,10.0,6.0,15.0,4.0,6.0,2.0,3.0,1.0,0.0,0.0
E0,11/09/10,West Brom,Tottenham,1.0,1.0,D,1.0,1.0,D,H Webb,15.0,16.0,8.0,9.0,12.0,9.0,9.0,4.0,2.0,1.0,0.0,0.0
E0,25/09/10,West Ham,Tottenham,1.0,0.0,H,1.0,0.0,H,M Atkinson,22.0,17.0,15.0,11.0,10.0,11.0,14.0,7.0,2.0,0.0,0.0,0.0
E0,16/10/10,Fulham,Tottenham,1.0,2.0,A,1.0,1.0,D,M Dean,11.0,14.0,5.0,6.0,9.0,10.0,4.0,11.0,1.0,1.0,0.0,0.0
E0,30/10/10,Man United,Tottenham,2.0,0.0,H,1.0,0.0,H,M Clattenburg,18.0,11.0,10.0,5.0,12.0,10.0,1.0,4.0,0.0,3.0,0.0,0.0
E0,06/11/10,Bolton,Tottenham,4.0,2.0,H,1.0,0.0,H,C Foy,18.0,11.0,8.0,6.0,13.0,9.0,7.0,6.0,1.0,0.0,0.0,0.0
E0,20/11/10,Arsenal,Tottenham,2.0,3.0,A,2.0,0.0,H,P Dowd,12.0,10.0,7.0,6.0,17.0,16.0,2.0,6.0,3.0,1.0,0.0,0.0
E0,04/12/10,Birmingham,Tottenham,1.0,1.0,D,0.0,1.0,A,K Friend,13.0,10.0,5.0,5.0,14.0,7.0,6.0,11.0,1.0,1.0,0.0,0.0
E0,26/12/10,Aston Villa,Tottenham,1.0,2.0,A,0.0,1.0,A,M Atkinson,26.0,13.0,15.0,8.0,13.0,11.0,8.0,4.0,3.0,3.0,0.0,1.0
E0,05/01/11,Everton,Tottenham,2.0,1.0,H,1.0,1.0,D,L Probert,19.0,13.0,12.0,5.0,16.0,12.0,4.0,3.0,1.0,0.0,0.0,0.0
E0,22/01/11,Newcastle,Tottenham,1.0,1.0,D,0.0,0.0,D,M Halsey,13.0,14.0,6.0,9.0,13.0,7.0,1.0,4.0,0.0,0.0,0.0,0.0
E0,02/02/11,Blackburn,Tottenham,0.0,1.0,A,0.0,1.0,A,A Marriner,17.0,6.0,9.0,5.0,14.0,11.0,4.0,4.0,2.0,1.0,0.0,0.0
E0,12/02/11,Sunderland,Tottenham,1.0,2.0,A,1.0,1.0,D,M Jones,16.0,11.0,10.0,5.0,14.0,12.0,2.0,3.0,2.0,4.0,0.0,0.0
E0,22/02/11,Blackpool,Tottenham,3.0,1.0,H,2.0,0.0,H,C Foy,8.0,25.0,4.0,10.0,11.0,8.0,1.0,7.0,2.0,0.0,0.0,0.0
E0,06/03/11,Wolves,Tottenham,3.0,3.0,D,2.0,2.0,D,M Halsey,13.0,15.0,4.0,10.0,10.0,11.0,7.0,4.0,0.0,3.0,0.0,0.0
E0,02/04/11,Wigan,Tottenham,0.0,0.0,D,0.0,0.0,D,A Marriner,14.0,10.0,5.0,6.0,11.0,13.0,8.0,2.0,1.0,1.0,0.0,0.0
E0,30/04/11,Chelsea,Tottenham,2.0,1.0,H,1.0,1.0,D,A Marriner,16.0,12.0,10.0,7.0,11.0,11.0,6.0,5.0,3.0,1.0,0.0,0.0
E0,10/05/11,Man City,Tottenham,1.0,0.0,H,1.0,0.0,H,M Dean,7.0,14.0,4.0,7.0,7.0,8.0,2.0,8.0,1.0,1.0,0.0,0.0
E0,15/05/11,Liverpool,Tottenham,0.0,2.0,A,0.0,1.0,A,H Webb,10.0,8.0,2.0,4.0,13.0,7.0,11.0,5.0,2.0,1.0,0.0,0.0
E0,28/08/11,Tottenham,Man City,1.0,5.0,A,0.0,2.0,A,P Dowd,15.0,22.0,10.0,12.0,11.0,9.0,10.0,5.0,2.0,4.0,0.0,0.0
E0,18/09/11,Tottenham,Liverpool,4.0,0.0,H,1.0,0.0,H,M Jones,24.0,5.0,16.0,2.0,10.0,9.0,4.0,1.0,1.0,4.0,0.0,2.0
E0,02/10/11,Tottenham,Arsenal,2.0,1.0,H,1.0,0.0,H,M Dean,16.0,13.0,8.0,7.0,11.0,8.0,9.0,7.0,2.0,1.0,0.0,0.0
E0,30/10/11,Tottenham,QPR,3.0,1.0,H,2.0,0.0,H,H Webb,22.0,12.0,13.0,8.0,12.0,14.0,4.0,8.0,0.0,0.0,0.0,0.0
E0,21/11/11,Tottenham,Aston Villa,2.0,0.0,H,2.0,0.0,H,M Halsey,20.0,5.0,9.0,1.0,4.0,5.0,11.0,3.0,0.0,2.0,0.0,0.0
E0,03/12/11,Tottenham,Bolton,3.0,0.0,H,1.0,0.0,H,S Attwell,25.0,13.0,16.0,9.0,10.0,5.0,7.0,6.0,0.0,2.0,0.0,1.0
E0,18/12/11,Tottenham,Sunderland,1.0,0.0,H,0.0,0.0,D,M Dean,16.0,8.0,12.0,4.0,6.0,8.0,6.0,0.0,1.0,2.0,0.0,0.0
E0,22/12/11,Tottenham,Chelsea,1.0,1.0,D,1.0,1.0,D,H Webb,16.0,20.0,10.0,10.0,14.0,8.0,7.0,4.0,2.0,2.0,0.0,0.0
E0,03/01/12,Tottenham,West Brom,1.0,0.0,H,0.0,0.0,D,M Halsey,20.0,8.0,14.0,2.0,3.0,14.0,14.0,7.0,0.0,5.0,0.0,0.0
E0,11/01/12,Tottenham,Everton,2.0,0.0,H,1.0,0.0,H,M Atkinson,14.0,11.0,7.0,4.0,5.0,15.0,6.0,4.0,1.0,3.0,0.0,0.0
E0,14/01/12,Tottenham,Wolves,1.0,1.0,D,0.0,1.0,A,M Jones,22.0,5.0,10.0,3.0,6.0,12.0,8.0,1.0,1.0,3.0,0.0,0.0
E0,31/01/12,Tottenham,Wigan,3.0,1.0,H,2.0,0.0,H,L Probert,20.0,10.0,13.0,6.0,7.0,7.0,5.0,0.0,0.0,1.0,0.0,0.0
E0,11/02/12,Tottenham,Newcastle,5.0,0.0,H,4.0,0.0,H,A Marriner,18.0,7.0,9.0,3.0,7.0,9.0,4.0,3.0,2.0,1.0,0.0,0.0
E0,04/03/12,Tottenham,Man United,1.0,3.0,A,0.0,1.0,A,M Atkinson,18.0,6.0,9.0,5.0,8.0,10.0,7.0,3.0,1.0,2.0,0.0,0.0
E0,21/03/12,Tottenham,Stoke,1.0,1.0,D,0.0,0.0,D,M Jones,24.0,8.0,18.0,2.0,10.0,10.0,13.0,1.0,1.0,1.0,0.0,0.0
E0,01/04/12,Tottenham,Swansea,3.0,1.0,H,1.0,0.0,H,A Marriner,15.0,11.0,10.0,7.0,11.0,12.0,7.0,7.0,0.0,0.0,0.0,0.0
E0,09/04/12,Tottenham,Norwich,1.0,2.0,A,1.0,1.0,D,M Oliver,13.0,12.0,9.0,6.0,12.0,12.0,10.0,3.0,1.0,2.0,0.0,0.0
E0,29/04/12,Tottenham,Blackburn,2.0,0.0,H,1.0,0.0,H,M Jones,19.0,0.0,8.0,0.0,5.0,14.0,6.0,1.0,0.0,0.0,0.0,0.0
E0,13/05/12,Tottenham,Fulham,2.0,0.0,H,1.0,0.0,H,P Dowd,15.0,10.0,9.0,7.0,8.0,12.0,9.0,3.0,0.0,2.0,0.0,0.0
E0,22/08/11,Man United,Tottenham,3.0,0.0,H,0.0,0.0,D,L Probert,27.0,20.0,21.0,12.0,12.0,9.0,11.0,3.0,1.0,2.0,0.0,0.0
E0,10/09/11,Wolves,Tottenham,0.0,2.0,A,0.0,0.0,D,P Walton,10.0,17.0,6.0,11.0,5.0,12.0,4.0,10.0,3.0,2.0,0.0,0.0
E0,24/09/11,Wigan,Tottenham,1.0,2.0,A,0.0,2.0,A,J Moss,5.0,14.0,4.0,7.0,13.0,6.0,1.0,9.0,3.0,1.0,1.0,0.0
E0,16/10/11,Newcastle,Tottenham,2.0,2.0,D,0.0,1.0,A,L Probert,12.0,11.0,7.0,8.0,11.0,15.0,5.0,2.0,1.0,2.0,0.0,0.0
E0,23/10/11,Blackburn,Tottenham,1.0,2.0,A,1.0,1.0,D,S Attwell,19.0,9.0,8.0,7.0,19.0,7.0,8.0,5.0,4.0,1.0,0.0,0.0
E0,06/11/11,Fulham,Tottenham,1.0,3.0,A,0.0,2.0,A,P Walton,26.0,8.0,20.0,8.0,5.0,9.0,11.0,1.0,0.0,1.0,0.0,0.0
E0,26/11/11,West Brom,Tottenham,1.0,3.0,A,1.0,1.0,D,L Probert,9.0,23.0,5.0,14.0,11.0,13.0,1.0,10.0,2.0,1.0,0.0,0.0
E0,11/12/11,Stoke,Tottenham,2.0,1.0,H,2.0,0.0,H,C Foy,10.0,15.0,7.0,12.0,8.0,7.0,7.0,12.0,2.0,2.0,0.0,1.0
E0,27/12/11,Norwich,Tottenham,0.0,2.0,A,0.0,0.0,D,M Oliver,8.0,19.0,4.0,8.0,7.0,6.0,3.0,10.0,1.0,1.0,0.0,0.0
E0,31/12/11,Swansea,Tottenham,1.0,1.0,D,0.0,1.0,A,P Dowd,14.0,12.0,8.0,7.0,8.0,4.0,10.0,5.0,1.0,2.0,0.0,0.0
E0,22/01/12,Man City,Tottenham,3.0,2.0,H,0.0,0.0,D,H Webb,13.0,12.0,7.0,7.0,7.0,10.0,9.0,4.0,2.0,1.0,0.0,0.0
E0,06/02/12,Liverpool,Tottenham,0.0,0.0,D,0.0,0.0,D,M Oliver,15.0,9.0,10.0,6.0,6.0,11.0,7.0,4.0,2.0,2.0,0.0,0.0
E0,26/02/12,Arsenal,Tottenham,5.0,2.0,H,2.0,2.0,D,M Dean,21.0,8.0,13.0,4.0,15.0,12.0,7.0,5.0,3.0,3.0,0.0,1.0
E0,10/03/12,Everton,Tottenham,1.0,0.0,H,1.0,0.0,H,M Halsey,9.0,21.0,5.0,9.0,13.0,11.0,0.0,8.0,2.0,2.0,0.0,0.0
E0,24/03/12,Chelsea,Tottenham,0.0,0.0,D,0.0,0.0,D,M Atkinson,10.0,19.0,5.0,7.0,9.0,11.0,6.0,5.0,1.0,2.0,0.0,0.0
E0,07/04/12,Sunderland,Tottenham,0.0,0.0,D,0.0,0.0,D,C Foy,12.0,15.0,9.0,8.0,12.0,10.0,11.0,4.0,2.0,2.0,0.0,0.0
E0,21/04/12,QPR,Tottenham,1.0,0.0,H,1.0,0.0,H,M Clattenburg,12.0,17.0,5.0,8.0,13.0,10.0,4.0,13.0,4.0,0.0,1.0,0.0
E0,02/05/12,Bolton,Tottenham,1.0,4.0,A,0.0,1.0,A,M Dean,14.0,13.0,8.0,10.0,6.0,9.0,4.0,7.0,2.0,1.0,0.0,0.0
E0,06/05/12,Aston Villa,Tottenham,1.0,1.0,D,1.0,0.0,H,L Probert,4.0,21.0,2.0,10.0,10.0,8.0,4.0,19.0,1.0,2.0,0.0,1.0
E0,25/08/12,Tottenham,West Brom,1.0,1.0,D,0.0,0.0,D,M Dean,18.0,10.0,10.0,5.0,8.0,7.0,7.0,5.0,1.0,2.0,0.0,0.0
E0,01/09/12,Tottenham,Norwich,1.0,1.0,D,0.0,0.0,D,M Halsey,15.0,10.0,9.0,4.0,7.0,12.0,4.0,2.0,1.0,0.0,1.0,0.0
E0,23/09/12,Tottenham,QPR,2.0,1.0,H,0.0,1.0,A,P Dowd,18.0,9.0,14.0,6.0,7.0,12.0,10.0,9.0,0.0,2.0,0.0,0.0
E0,07/10/12,Tottenham,Aston Villa,2.0,0.0,H,0.0,0.0,D,N Swarbrick,23.0,8.0,10.0,5.0,7.0,10.0,8.0,0.0,1.0,3.0,0.0,0.0
E0,20/10/12,Tottenham,Chelsea,2.0,4.0,A,0.0,1.0,A,M Dean,23.0,11.0,16.0,7.0,7.0,8.0,7.0,4.0,3.0,2.0,0.0,0.0
E0,03/11/12,Tottenham,Wigan,0.0,1.0,A,0.0,0.0,D,M Atkinson,13.0,7.0,10.0,4.0,10.0,11.0,9.0,3.0,1.0,1.0,0.0,0.0
E0,25/11/12,Tottenham,West Ham,3.0,1.0,H,1.0,0.0,H,A Marriner,25.0,10.0,13.0,6.0,9.0,10.0,4.0,2.0,1.0,2.0,0.0,0.0
E0,28/11/12,Tottenham,Liverpool,2.0,1.0,H,2.0,0.0,H,P Dowd,14.0,14.0,7.0,9.0,4.0,14.0,1.0,12.0,1.0,2.0,0.0,0.0
E0,16/12/12,Tottenham,Swansea,1.0,0.0,H,0.0,0.0,D,M Dean,24.0,4.0,16.0,0.0,12.0,8.0,9.0,3.0,2.0,3.0,0.0,0.0
E0,22/12/12,Tottenham,Stoke,0.0,0.0,D,0.0,0.0,D,L Mason,21.0,4.0,14.0,2.0,8.0,11.0,11.0,4.0,2.0,5.0,0.0,0.0
E0,01/01/13,Tottenham,Reading,3.0,1.0,H,1.0,1.0,D,H Webb,30.0,7.0,20.0,4.0,9.0,9.0,12.0,3.0,0.0,0.0,0.0,0.0
E0,20/01/13,Tottenham,Man United,1.0,1.0,D,0.0,1.0,A,C Foy,23.0,6.0,18.0,4.0,7.0,14.0,9.0,4.0,1.0,4.0,0.0,0.0
E0,09/02/13,Tottenham,Newcastle,2.0,1.0,H,1.0,1.0,D,P Dowd,16.0,9.0,9.0,7.0,5.0,11.0,11.0,5.0,0.0,2.0,0.0,0.0
E0,03/03/13,Tottenham,Arsenal,2.0,1.0,H,2.0,0.0,H,M Clattenburg,11.0,10.0,5.0,6.0,17.0,13.0,4.0,6.0,3.0,1.0,0.0,0.0
E0,17/03/13,Tottenham,Fulham,0.0,1.0,A,0.0,0.0,D,M Jones,12.0,6.0,6.0,2.0,10.0,5.0,5.0,5.0,1.0,1.0,0.0,0.0
E0,07/04/13,Tottenham,Everton,2.0,2.0,D,1.0,1.0,D,A Marriner,19.0,9.0,10.0,5.0,14.0,8.0,7.0,6.0,1.0,1.0,0.0,0.0
E0,21/04/13,Tottenham,Man City,3.0,1.0,H,0.0,1.0,A,L Mason,11.0,11.0,8.0,7.0,11.0,10.0,4.0,5.0,3.0,3.0,0.0,0.0
E0,04/05/13,Tottenham,Southampton,1.0,0.0,H,0.0,0.0,D,M Clattenburg,7.0,10.0,4.0,6.0,8.0,9.0,5.0,5.0,1.0,1.0,0.0,0.0
E0,19/05/13,Tottenham,Sunderland,1.0,0.0,H,0.0,0.0,D,A Marriner,23.0,6.0,19.0,4.0,6.0,12.0,14.0,1.0,1.0,3.0,0.0,1.0
E0,18/08/12,Newcastle,Tottenham,2.0,1.0,H,0.0,0.0,D,M Atkinson,6.0,12.0,4.0,6.0,12.0,8.0,3.0,5.0,2.0,2.0,0.0,0.0
E0,16/09/12,Reading,Tottenham,1.0,3.0,A,0.0,1.0,A,H Webb,4.0,22.0,2.0,11.0,4.0,9.0,7.0,4.0,0.0,1.0,0.0,0.0
E0,29/09/12,Man United,Tottenham,2.0,3.0,A,0.0,2.0,A,C Foy,15.0,10.0,8.0,6.0,5.0,7.0,9.0,5.0,0.0,0.0,0.0,0.0
E0,28/10/12,Southampton,Tottenham,1.0,2.0,A,0.0,2.0,A,L Mason,11.0,11.0,6.0,4.0,14.0,8.0,2.0,3.0,0.0,3.0,0.0,0.0
E0,11/11/12,Man City,Tottenham,2.0,1.0,H,0.0,1.0,A,M Oliver,16.0,6.0,8.0,2.0,16.0,7.0,8.0,2.0,1.0,2.0,0.0,0.0
E0,17/11/12,Arsenal,Tottenham,5.0,2.0,H,3.0,1.0,H,H Webb,13.0,6.0,10.0,4.0,13.0,12.0,6.0,6.0,1.0,2.0,0.0,1.0
E0,01/12/12,Fulham,Tottenham,0.0,3.0,A,0.0,0.0,D,C Foy,8.0,10.0,2.0,6.0,10.0,8.0,2.0,1.0,0.0,2.0,0.0,0.0
E0,09/12/12,Everton,Tottenham,2.0,1.0,H,0.0,0.0,D,K Friend,17.0,8.0,11.0,6.0,10.0,9.0,4.0,4.0,2.0,2.0,0.0,0.0
E0,26/12/12,Aston Villa,Tottenham,0.0,4.0,A,0.0,0.0,D,M Clattenburg,4.0,20.0,1.0,16.0,11.0,7.0,2.0,16.0,1.0,0.0,0.0,0.0
E0,29/12/12,Sunderland,Tottenham,1.0,2.0,A,1.0,0.0,H,L Mason,9.0,18.0,6.0,14.0,9.0,15.0,3.0,8.0,1.0,3.0,0.0,0.0
E0,12/01/13,QPR,Tottenham,0.0,0.0,D,0.0,0.0,D,L Probert,4.0,16.0,1.0,8.0,10.0,7.0,2.0,6.0,1.0,1.0,0.0,0.0
E0,30/01/13,Norwich,Tottenham,1.0,1.0,D,1.0,0.0,H,N Swarbrick,8.0,12.0,4.0,7.0,13.0,14.0,3.0,6.0,4.0,1.0,0.0,0.0
E0,03/02/13,West Brom,Tottenham,0.0,1.0,A,0.0,0.0,D,M Clattenburg,4.0,21.0,3.0,13.0,9.0,9.0,2.0,17.0,1.0,0.0,1.0,0.0
E0,25/02/13,West Ham,Tottenham,2.0,3.0,A,1.0,1.0,D,H Webb,8.0,25.0,6.0,16.0,12.0,7.0,6.0,12.0,4.0,1.0,0.0,0.0
E0,10/03/13,Liverpool,Tottenham,3.0,2.0,H,1.0,1.0,D,M Oliver,10.0,15.0,4.0,9.0,9.0,8.0,1.0,4.0,1.0,1.0,0.0,0.0
E0,30/03/13,Swansea,Tottenham,1.0,2.0,A,0.0,2.0,A,A Taylor,11.0,9.0,3.0,7.0,5.0,10.0,5.0,2.0,2.0,4.0,0.0,0.0
E0,27/04/13,Wigan,Tottenham,2.0,2.0,D,1.0,1.0,D,M Atkinson,6.0,14.0,4.0,7.0,12.0,10.0,3.0,3.0,3.0,1.0,0.0,0.0
E0,08/05/13,Chelsea,Tottenham,2.0,2.0,D,2.0,1.0,H,M Dean,15.0,13.0,8.0,6.0,6.0,16.0,6.0,5.0,1.0,2.0,0.0,0.0
E0,12/05/13,Stoke,Tottenham,1.0,2.0,A,1.0,1.0,D,K Friend,6.0,23.0,3.0,15.0,11.0,5.0,2.0,11.0,4.0,1.0,1.0,0.0
E0,25/08/13,Tottenham,Swansea,1.0,0.0,H,0.0,0.0,D,N Swarbrick,19.0,7.0,5.0,5.0,10.0,15.0,8.0,3.0,1.0,4.0,0.0,0.0
E0,14/09/13,Tottenham,Norwich,2.0,0.0,H,1.0,0.0,H,L Mason,23.0,4.0,7.0,1.0,2.0,12.0,8.0,1.0,1.0,3.0,0.0,0.0
E0,28/09/13,Tottenham,Chelsea,1.0,1.0,D,1.0,0.0,H,M Dean,12.0,11.0,4.0,5.0,14.0,14.0,4.0,5.0,5.0,1.0,0.0,1.0
E0,06/10/13,Tottenham,West Ham,0.0,3.0,A,0.0,0.0,D,L Probert,14.0,16.0,4.0,5.0,5.0,9.0,6.0,7.0,0.0,0.0,0.0,0.0
E0,27/10/13,Tottenham,Hull,1.0,0.0,H,0.0,0.0,D,M Oliver,15.0,10.0,6.0,4.0,13.0,10.0,6.0,4.0,3.0,3.0,0.0,0.0
E0,10/11/13,Tottenham,Newcastle,0.0,1.0,A,0.0,1.0,A,C Foy,31.0,8.0,14.0,4.0,5.0,15.0,11.0,4.0,1.0,2.0,0.0,0.0
E0,01/12/13,Tottenham,Man United,2.0,2.0,D,1.0,1.0,D,M Dean,10.0,8.0,4.0,3.0,9.0,15.0,7.0,7.0,1.0,3.0,0.0,0.0
E0,15/12/13,Tottenham,Liverpool,0.0,5.0,A,0.0,2.0,A,J Moss,9.0,21.0,0.0,10.0,17.0,15.0,2.0,9.0,3.0,0.0,1.0,0.0
E0,26/12/13,Tottenham,West Brom,1.0,1.0,D,1.0,1.0,D,A Taylor,20.0,7.0,3.0,4.0,8.0,12.0,12.0,2.0,3.0,2.0,0.0,0.0
E0,29/12/13,Tottenham,Stoke,3.0,0.0,H,1.0,0.0,H,K Friend,20.0,2.0,7.0,1.0,6.0,14.0,6.0,1.0,2.0,2.0,0.0,0.0
E0,11/01/14,Tottenham,Crystal Palace,2.0,0.0,H,0.0,0.0,D,M Oliver,10.0,14.0,4.0,2.0,12.0,12.0,5.0,11.0,1.0,2.0,0.0,0.0
E0,29/01/14,Tottenham,Man City,1.0,5.0,A,0.0,1.0,A,A Marriner,4.0,24.0,2.0,10.0,11.0,10.0,3.0,5.0,1.0,4.0,1.0,0.0
E0,09/02/14,Tottenham,Everton,1.0,0.0,H,0.0,0.0,D,M Clattenburg,8.0,11.0,2.0,3.0,9.0,13.0,9.0,7.0,1.0,0.0,0.0,0.0
E0,02/03/14,Tottenham,Cardiff,1.0,0.0,H,1.0,0.0,H,P Dowd,15.0,8.0,6.0,2.0,11.0,12.0,4.0,7.0,1.0,3.0,0.0,0.0
E0,16/03/14,Tottenham,Arsenal,0.0,1.0,A,0.0,1.0,A,M Dean,17.0,7.0,2.0,3.0,18.0,11.0,5.0,2.0,5.0,3.0,0.0,0.0
E0,23/03/14,Tottenham,Southampton,3.0,2.0,H,1.0,2.0,A,A Taylor,15.0,12.0,6.0,4.0,9.0,9.0,7.0,3.0,1.0,2.0,0.0,0.0
E0,07/04/14,Tottenham,Sunderland,5.0,1.0,H,1.0,1.0,D,L Mason,29.0,8.0,11.0,4.0,12.0,8.0,8.0,2.0,0.0,2.0,0.0,0.0
E0,19/04/14,Tottenham,Fulham,3.0,1.0,H,1.0,1.0,D,L Probert,14.0,11.0,5.0,4.0,8.0,11.0,4.0,5.0,0.0,1.0,0.0,0.0
E0,11/05/14,Tottenham,Aston Villa,3.0,0.0,H,3.0,0.0,H,J Moss,12.0,4.0,6.0,1.0,11.0,11.0,5.0,1.0,1.0,0.0,0.0,0.0
E0,18/08/13,Crystal Palace,Tottenham,0.0,1.0,A,0.0,0.0,D,M Clattenburg,5.0,17.0,3.0,2.0,6.0,9.0,3.0,7.0,1.0,0.0,0.0,0.0
E0,01/09/13,Arsenal,Tottenham,1.0,0.0,H,1.0,0.0,H,M Oliver,12.0,14.0,5.0,4.0,15.0,14.0,3.0,6.0,2.0,2.0,0.0,0.0
E0,22/09/13,Cardiff,Tottenham,0.0,1.0,A,0.0,0.0,D,M Clattenburg,6.0,29.0,0.0,12.0,5.0,7.0,2.0,12.0,1.0,4.0,0.0,0.0
E0,20/10/13,Aston Villa,Tottenham,0.0,2.0,A,0.0,1.0,A,P Dowd,15.0,13.0,2.0,6.0,13.0,12.0,4.0,7.0,3.0,4.0,0.0,0.0
E0,03/11/13,Everton,Tottenham,0.0,0.0,D,0.0,0.0,D,K Friend,8.0,16.0,1.0,6.0,11.0,9.0,7.0,4.0,4.0,1.0,0.0,0.0
E0,24/11/13,Man City,Tottenham,6.0,0.0,H,3.0,0.0,H,M Atkinson,15.0,13.0,10.0,5.0,7.0,11.0,4.0,7.0,1.0,3.0,0.0,0.0
E0,04/12/13,Fulham,Tottenham,1.0,2.0,A,0.0,0.0,D,M Clattenburg,16.0,18.0,6.0,5.0,7.0,16.0,9.0,7.0,2.0,1.0,0.0,0.0
E0,07/12/13,Sunderland,Tottenham,1.0,2.0,A,1.0,1.0,D,L Mason,11.0,22.0,4.0,5.0,14.0,9.0,4.0,10.0,2.0,0.0,0.0,0.0
E0,22/12/13,Southampton,Tottenham,2.0,3.0,A,1.0,1.0,D,C Foy,12.0,13.0,5.0,3.0,10.0,18.0,2.0,5.0,1.0,1.0,0.0,0.0
E0,01/01/14,Man United,Tottenham,1.0,2.0,A,0.0,1.0,A,H Webb,16.0,9.0,6.0,4.0,7.0,7.0,13.0,2.0,2.0,1.0,0.0,0.0
E0,19/01/14,Swansea,Tottenham,1.0,3.0,A,0.0,1.0,A,M Atkinson,13.0,11.0,3.0,5.0,6.0,9.0,8.0,2.0,2.0,1.0,0.0,0.0
E0,01/02/14,Hull,Tottenham,1.0,1.0,D,1.0,0.0,H,A Taylor,9.0,19.0,4.0,3.0,13.0,9.0,4.0,10.0,1.0,1.0,0.0,0.0
E0,12/02/14,Newcastle,Tottenham,0.0,4.0,A,0.0,1.0,A,N Swarbrick,13.0,15.0,5.0,8.0,6.0,11.0,8.0,6.0,0.0,0.0,0.0,0.0
E0,23/02/14,Norwich,Tottenham,1.0,0.0,H,0.0,0.0,D,C Pawson,13.0,9.0,3.0,2.0,8.0,15.0,5.0,3.0,1.0,3.0,0.0,0.0
E0,08/03/14,Chelsea,Tottenham,4.0,0.0,H,0.0,0.0,D,M Oliver,12.0,6.0,4.0,2.0,11.0,18.0,5.0,4.0,2.0,3.0,0.0,1.0
E0,30/03/14,Liverpool,Tottenham,4.0,0.0,H,2.0,0.0,H,P Dowd,11.0,15.0,5.0,4.0,9.0,9.0,5.0,7.0,0.0,2.0,0.0,0.0
E0,12/04/14,West Brom,Tottenham,3.0,3.0,D,3.0,1.0,H,N Swarbrick,6.0,20.0,5.0,8.0,11.0,8.0,2.0,2.0,4.0,2.0,0.0,0.0
E0,26/04/14,Stoke,Tottenham,0.0,1.0,A,0.0,1.0,A,A Marriner,17.0,16.0,3.0,4.0,11.0,6.0,4.0,3.0,1.0,2.0,1.0,0.0
E0,03/05/14,West Ham,Tottenham,2.0,0.0,H,2.0,0.0,H,P Dowd,20.0,12.0,8.0,3.0,10.0,16.0,10.0,6.0,0.0,4.0,0.0,1.0
E0,24/08/14,Tottenham,QPR,4.0,0.0,H,3.0,0.0,H,A Taylor,18.0,9.0,5.0,1.0,12.0,6.0,7.0,6.0,0.0,1.0,0.0,0.0
E0,31/08/14,Tottenham,Liverpool,0.0,3.0,A,0.0,1.0,A,P Dowd,7.0,17.0,1.0,8.0,14.0,11.0,7.0,3.0,0.0,4.0,0.0,0.0
E0,21/09/14,Tottenham,West Brom,0.0,1.0,A,0.0,0.0,D,K Friend,7.0,10.0,1.0,4.0,12.0,7.0,9.0,7.0,2.0,2.0,0.0,0.0
E0,05/10/14,Tottenham,Southampton,1.0,0.0,H,1.0,0.0,H,M Jones,9.0,7.0,4.0,3.0,15.0,9.0,10.0,5.0,2.0,1.0,0.0,0.0
E0,26/10/14,Tottenham,Newcastle,1.0,2.0,A,1.0,0.0,H,A Taylor,17.0,8.0,2.0,2.0,9.0,12.0,10.0,2.0,2.0,4.0,0.0,0.0
E0,09/11/14,Tottenham,Stoke,1.0,2.0,A,0.0,2.0,A,M Jones,14.0,11.0,4.0,4.0,20.0,13.0,5.0,5.0,3.0,2.0,1.0,0.0
E0,30/11/14,Tottenham,Everton,2.0,1.0,H,2.0,1.0,H,M Oliver,13.0,10.0,6.0,5.0,15.0,5.0,3.0,4.0,5.0,1.0,0.0,0.0
E0,06/12/14,Tottenham,Crystal Palace,0.0,0.0,D,0.0,0.0,D,L Mason,14.0,16.0,3.0,4.0,11.0,10.0,2.0,12.0,1.0,0.0,0.0,0.0
E0,20/12/14,Tottenham,Burnley,2.0,1.0,H,2.0,1.0,H,M Jones,23.0,9.0,6.0,5.0,9.0,8.0,9.0,6.0,1.0,0.0,0.0,0.0
E0,28/12/14,Tottenham,Man United,0.0,0.0,D,0.0,0.0,D,J Moss,9.0,9.0,4.0,5.0,11.0,19.0,3.0,6.0,2.0,4.0,0.0,0.0
E0,01/01/15,Tottenham,Chelsea,5.0,3.0,H,3.0,1.0,H,P Dowd,11.0,19.0,8.0,7.0,14.0,10.0,5.0,3.0,3.0,1.0,0.0,0.0
E0,17/01/15,Tottenham,Sunderland,2.0,1.0,H,1.0,1.0,D,C Foy,25.0,8.0,8.0,4.0,14.0,8.0,6.0,6.0,1.0,2.0,0.0,0.0
E0,07/02/15,Tottenham,Arsenal,2.0,1.0,H,0.0,1.0,A,M Atkinson,23.0,7.0,8.0,3.0,8.0,12.0,10.0,3.0,3.0,5.0,0.0,0.0
E0,22/02/15,Tottenham,West Ham,2.0,2.0,D,0.0,1.0,A,J Moss,27.0,12.0,8.0,5.0,6.0,12.0,7.0,9.0,0.0,2.0,0.0,0.0
E0,04/03/15,Tottenham,Swansea,3.0,2.0,H,1.0,1.0,D,M Oliver,20.0,10.0,7.0,5.0,14.0,7.0,6.0,4.0,1.0,0.0,0.0,0.0
E0,21/03/15,Tottenham,Leicester,4.0,3.0,H,2.0,1.0,H,M Dean,10.0,14.0,4.0,5.0,8.0,9.0,4.0,4.0,2.0,1.0,0.0,0.0
E0,11/04/15,Tottenham,Aston Villa,0.0,1.0,A,0.0,1.0,A,L Probert,14.0,10.0,3.0,3.0,11.0,12.0,9.0,6.0,3.0,2.0,0.0,1.0
E0,03/05/15,Tottenham,Man City,0.0,1.0,A,0.0,1.0,A,A Marriner,21.0,15.0,5.0,4.0,6.0,11.0,8.0,7.0,3.0,4.0,0.0,0.0
E0,16/05/15,Tottenham,Hull,2.0,0.0,H,0.0,0.0,D,A Taylor,10.0,14.0,3.0,2.0,10.0,6.0,6.0,8.0,3.0,1.0,0.0,0.0
E0,16/08/14,West Ham,Tottenham,0.0,1.0,A,0.0,0.0,D,C Foy,18.0,10.0,4.0,4.0,12.0,10.0,8.0,5.0,1.0,0.0,1.0,1.0
E0,13/09/14,Sunderland,Tottenham,2.0,2.0,D,1.0,1.0,D,C Pawson,6.0,15.0,1.0,6.0,10.0,13.0,5.0,5.0,5.0,1.0,0.0,0.0
E0,27/09/14,Arsenal,Tottenham,1.0,1.0,D,0.0,0.0,D,M Oliver,16.0,6.0,6.0,4.0,7.0,16.0,15.0,5.0,3.0,6.0,0.0,0.0
E0,18/10/14,Man City,Tottenham,4.0,1.0,H,2.0,1.0,H,J Moss,20.0,19.0,12.0,7.0,11.0,9.0,3.0,4.0,1.0,2.0,0.0,1.0
E0,02/11/14,Aston Villa,Tottenham,1.0,2.0,A,1.0,0.0,H,N Swarbrick,12.0,18.0,1.0,7.0,12.0,11.0,3.0,9.0,3.0,3.0,1.0,0.0
E0,23/11/14,Hull,Tottenham,1.0,2.0,A,1.0,0.0,H,C Pawson,10.0,23.0,2.0,6.0,15.0,9.0,3.0,9.0,3.0,1.0,1.0,0.0
E0,03/12/14,Chelsea,Tottenham,3.0,0.0,H,2.0,0.0,H,M Dean,12.0,10.0,8.0,2.0,9.0,9.0,1.0,6.0,1.0,1.0,0.0,0.0
E0,14/12/14,Swansea,Tottenham,1.0,2.0,A,0.0,1.0,A,R Madley,15.0,10.0,3.0,4.0,7.0,17.0,7.0,9.0,3.0,4.0,0.0,0.0
E0,26/12/14,Leicester,Tottenham,1.0,2.0,A,0.0,1.0,A,N Swarbrick,22.0,8.0,6.0,3.0,10.0,14.0,11.0,1.0,1.0,2.0,0.0,0.0
E0,10/01/15,Crystal Palace,Tottenham,2.0,1.0,H,0.0,0.0,D,A Taylor,21.0,9.0,7.0,5.0,9.0,14.0,4.0,6.0,5.0,3.0,0.0,0.0
E0,31/01/15,West Brom,Tottenham,0.0,3.0,A,0.0,2.0,A,K Friend,13.0,14.0,4.0,4.0,8.0,13.0,6.0,3.0,2.0,1.0,0.0,0.0
E0,10/02/15,Liverpool,Tottenham,3.0,2.0,H,1.0,1.0,D,P Dowd,16.0,14.0,7.0,5.0,13.0,17.0,5.0,7.0,3.0,6.0,0.0,0.0
E0,07/03/15,QPR,Tottenham,1.0,2.0,A,0.0,1.0,A,C Pawson,17.0,13.0,6.0,6.0,15.0,12.0,3.0,5.0,1.0,2.0,0.0,0.0
E0,15/03/15,Man United,Tottenham,3.0,0.0,H,3.0,0.0,H,M Clattenburg,11.0,5.0,3.0,1.0,12.0,10.0,4.0,2.0,1.0,1.0,0.0,0.0
E0,05/04/15,Burnley,Tottenham,0.0,0.0,D,0.0,0.0,D,M Atkinson,15.0,12.0,4.0,2.0,9.0,5.0,5.0,3.0,2.0,0.0,0.0,0.0
E0,19/04/15,Newcastle,Tottenham,1.0,3.0,A,0.0,1.0,A,K Friend,11.0,14.0,5.0,8.0,11.0,13.0,4.0,3.0,2.0,4.0,0.0,0.0
E0,25/04/15,Southampton,Tottenham,2.0,2.0,D,1.0,1.0,D,J Moss,13.0,7.0,4.0,2.0,9.0,10.0,8.0,3.0,1.0,3.0,0.0,0.0
E0,09/05/15,Stoke,Tottenham,3.0,0.0,H,2.0,0.0,H,M Clattenburg,17.0,9.0,9.0,3.0,14.0,12.0,6.0,8.0,0.0,0.0,0.0,1.0
E0,24/05/15,Everton,Tottenham,0.0,1.0,A,0.0,1.0,A,J Moss,9.0,16.0,1.0,3.0,12.0,8.0,3.0,5.0,1.0,2.0,0.0,0.0
E0,15/08/15,Tottenham,Stoke,2.0,2.0,D,2.0,0.0,H,R Madley,13.0,16.0,7.0,7.0,15.0,11.0,4.0,3.0,2.0,2.0,0.0,0.0
E0,29/08/15,Tottenham,Everton,0.0,0.0,D,0.0,0.0,D,M Jones,20.0,8.0,6.0,3.0,20.0,9.0,6.0,2.0,4.0,1.0,0.0,0.0
E0,20/09/15,Tottenham,Crystal Palace,1.0,0.0,H,0.0,0.0,D,M Oliver,22.0,12.0,6.0,4.0,9.0,11.0,6.0,5.0,1.0,2.0,0.0,0.0
E0,26/09/15,Tottenham,Man City,4.0,1.0,H,1.0,1.0,D,M Clattenburg,15.0,22.0,8.0,8.0,17.0,6.0,5.0,9.0,5.0,1.0,0.0,0.0
E0,17/10/15,Tottenham,Liverpool,0.0,0.0,D,0.0,0.0,D,C Pawson,13.0,12.0,4.0,3.0,15.0,11.0,8.0,6.0,1.0,2.0,0.0,0.0
E0,02/11/15,Tottenham,Aston Villa,3.0,1.0,H,2.0,0.0,H,M Dean,17.0,13.0,6.0,2.0,6.0,15.0,4.0,3.0,0.0,3.0,0.0,0.0
E0,22/11/15,Tottenham,West Ham,4.0,1.0,H,2.0,0.0,H,A Taylor,22.0,10.0,12.0,4.0,13.0,9.0,7.0,6.0,2.0,2.0,0.0,0.0
E0,29/11/15,Tottenham,Chelsea,0.0,0.0,D,0.0,0.0,D,M Oliver,9.0,5.0,4.0,1.0,14.0,9.0,4.0,4.0,4.0,2.0,0.0,0.0
E0,13/12/15,Tottenham,Newcastle,1.0,2.0,A,1.0,0.0,H,R East,20.0,8.0,8.0,4.0,13.0,14.0,6.0,2.0,2.0,2.0,0.0,0.0
E0,26/12/15,Tottenham,Norwich,3.0,0.0,H,2.0,0.0,H,M Jones,15.0,11.0,10.0,3.0,4.0,13.0,9.0,4.0,1.0,2.0,0.0,0.0
E0,13/01/16,Tottenham,Leicester,0.0,1.0,A,0.0,0.0,D,L Mason,21.0,10.0,5.0,2.0,13.0,10.0,16.0,8.0,1.0,0.0,0.0,0.0
E0,16/01/16,Tottenham,Sunderland,4.0,1.0,H,1.0,1.0,D,M Dean,26.0,5.0,11.0,2.0,8.0,13.0,11.0,3.0,0.0,2.0,0.0,0.0
E0,06/02/16,Tottenham,Watford,1.0,0.0,H,0.0,0.0,D,R East,26.0,3.0,9.0,0.0,12.0,9.0,15.0,1.0,0.0,1.0,0.0,0.0
E0,28/02/16,Tottenham,Swansea,2.0,1.0,H,0.0,1.0,A,M Jones,34.0,10.0,14.0,4.0,11.0,14.0,7.0,7.0,2.0,3.0,0.0,0.0
E0,05/03/16,Tottenham,Arsenal,2.0,2.0,D,0.0,1.0,A,M Oliver,26.0,10.0,11.0,4.0,9.0,10.0,9.0,2.0,2.0,2.0,0.0,1.0
E0,20/03/16,Tottenham,Bournemouth,3.0,0.0,H,2.0,0.0,H,N Swarbrick,17.0,2.0,8.0,0.0,11.0,6.0,4.0,5.0,0.0,1.0,0.0,0.0
E0,10/04/16,Tottenham,Man United,3.0,0.0,H,0.0,0.0,D,M Dean,16.0,5.0,8.0,1.0,10.0,10.0,2.0,7.0,3.0,3.0,0.0,0.0
E0,25/04/16,Tottenham,West Brom,1.0,1.0,D,1.0,0.0,H,M Jones,19.0,16.0,2.0,3.0,8.0,13.0,9.0,7.0,0.0,1.0,0.0,0.0
E0,08/05/16,Tottenham,Southampton,1.0,2.0,A,1.0,1.0,D,J Moss,20.0,10.0,6.0,2.0,8.0,16.0,10.0,2.0,0.0,3.0,0.0,0.0
E0,08/08/15,Man United,Tottenham,1.0,0.0,H,1.0,0.0,H,J Moss,9.0,9.0,1.0,4.0,12.0,12.0,1.0,2.0,2.0,3.0,0.0,0.0
E0,22/08/15,Leicester,Tottenham,1.0,1.0,D,0.0,0.0,D,M Atkinson,13.0,19.0,2.0,6.0,7.0,14.0,2.0,7.0,1.0,4.0,0.0,0.0
E0,13/09/15,Sunderland,Tottenham,0.0,1.0,A,0.0,0.0,D,C Pawson,12.0,15.0,2.0,4.0,11.0,12.0,6.0,8.0,2.0,1.0,0.0,0.0
E0,04/10/15,Swansea,Tottenham,2.0,2.0,D,2.0,1.0,H,M Dean,11.0,19.0,2.0,11.0,8.0,19.0,5.0,6.0,1.0,4.0,0.0,0.0
E0,25/10/15,Bournemouth,Tottenham,1.0,5.0,A,1.0,3.0,A,R East,11.0,14.0,3.0,9.0,8.0,15.0,4.0,5.0,0.0,1.0,0.0,0.0
E0,08/11/15,Arsenal,Tottenham,1.0,1.0,D,0.0,1.0,A,M Atkinson,10.0,14.0,4.0,4.0,12.0,17.0,7.0,6.0,0.0,1.0,0.0,0.0
E0,05/12/15,West Brom,Tottenham,1.0,1.0,D,1.0,1.0,D,J Moss,11.0,9.0,4.0,3.0,13.0,10.0,3.0,6.0,3.0,2.0,0.0,0.0
E0,19/12/15,Southampton,Tottenham,0.0,2.0,A,0.0,2.0,A,K Friend,11.0,13.0,4.0,6.0,18.0,9.0,4.0,7.0,1.0,1.0,0.0,0.0
E0,28/12/15,Watford,Tottenham,1.0,2.0,A,1.0,1.0,D,A Taylor,9.0,10.0,1.0,3.0,11.0,13.0,5.0,3.0,4.0,2.0,1.0,0.0
E0,03/01/16,Everton,Tottenham,1.0,1.0,D,1.0,1.0,D,M Oliver,12.0,19.0,3.0,4.0,8.0,11.0,4.0,4.0,1.0,2.0,0.0,0.0
E0,23/01/16,Crystal Palace,Tottenham,1.0,3.0,A,1.0,0.0,H,M Atkinson,11.0,24.0,3.0,11.0,11.0,12.0,3.0,10.0,2.0,2.0,0.0,0.0
E0,02/02/16,Norwich,Tottenham,0.0,3.0,A,0.0,2.0,A,K Friend,10.0,17.0,2.0,6.0,8.0,9.0,6.0,8.0,2.0,2.0,0.0,0.0
E0,14/02/16,Man City,Tottenham,1.0,2.0,A,0.0,0.0,D,M Clattenburg,19.0,6.0,4.0,3.0,12.0,17.0,7.0,1.0,1.0,3.0,0.0,0.0
E0,02/03/16,West Ham,Tottenham,1.0,0.0,H,1.0,0.0,H,A Marriner,14.0,9.0,3.0,2.0,10.0,11.0,6.0,3.0,0.0,3.0,0.0,0.0
E0,13/03/16,Aston Villa,Tottenham,0.0,2.0,A,0.0,1.0,A,A Taylor,11.0,19.0,2.0,8.0,6.0,6.0,5.0,8.0,0.0,0.0,0.0,0.0
E0,02/04/16,Liverpool,Tottenham,1.0,1.0,D,0.0,0.0,D,J Moss,15.0,18.0,7.0,5.0,11.0,11.0,12.0,9.0,2.0,0.0,0.0,0.0
E0,18/04/16,Stoke,Tottenham,0.0,4.0,A,0.0,1.0,A,N Swarbrick,12.0,23.0,2.0,6.0,12.0,12.0,5.0,3.0,2.0,0.0,0.0,0.0
E0,02/05/16,Chelsea,Tottenham,2.0,2.0,D,0.0,2.0,A,M Clattenburg,13.0,16.0,5.0,5.0,9.0,20.0,7.0,8.0,3.0,9.0,0.0,0.0
E0,15/05/16,Newcastle,Tottenham,5.0,1.0,H,2.0,0.0,H,A Taylor,19.0,17.0,10.0,5.0,7.0,6.0,3.0,8.0,1.0,2.0,1.0,0.0
E0,20/08/16,Tottenham,Crystal Palace,1.0,0.0,H,0.0,0.0,D,M Oliver,20.0,10.0,5.0,2.0,19.0,9.0,10.0,4.0,3.0,3.0,0.0,0.0
E0,27/08/16,Tottenham,Liverpool,1.0,1.0,D,0.0,1.0,A,R Madley,11.0,13.0,4.0,3.0,11.0,17.0,5.0,5.0,3.0,5.0,0.0,0.0
E0,18/09/16,Tottenham,Sunderland,1.0,0.0,H,0.0,0.0,D,M Dean,31.0,6.0,9.0,2.0,7.0,16.0,14.0,1.0,1.0,5.0,0.0,1.0
E0,02/10/16,Tottenham,Man City,2.0,0.0,H,2.0,0.0,H,A Marriner,13.0,12.0,7.0,6.0,20.0,10.0,4.0,3.0,2.0,2.0,0.0,0.0
E0,29/10/16,Tottenham,Leicester,1.0,1.0,D,1.0,0.0,H,R Madley,22.0,6.0,5.0,1.0,11.0,20.0,8.0,1.0,3.0,4.0,0.0,0.0
E0,19/11/16,Tottenham,West Ham,3.0,2.0,H,0.0,1.0,A,M Dean,14.0,11.0,6.0,3.0,13.0,16.0,4.0,5.0,3.0,2.0,0.0,1.0
E0,03/12/16,Tottenham,Swansea,5.0,0.0,H,2.0,0.0,H,J Moss,28.0,1.0,15.0,0.0,11.0,17.0,5.0,0.0,0.0,4.0,0.0,0.0
E0,14/12/16,Tottenham,Hull,3.0,0.0,H,1.0,0.0,H,A Marriner,27.0,10.0,9.0,5.0,6.0,14.0,5.0,5.0,0.0,2.0,0.0,0.0
E0,18/12/16,Tottenham,Burnley,2.0,1.0,H,1.0,1.0,D,K Friend,30.0,5.0,9.0,2.0,10.0,11.0,11.0,2.0,1.0,2.0,0.0,0.0
E0,04/01/17,Tottenham,Chelsea,2.0,0.0,H,1.0,0.0,H,M Atkinson,9.0,11.0,2.0,2.0,9.0,8.0,1.0,6.0,3.0,2.0,0.0,0.0
E0,14/01/17,Tottenham,West Brom,4.0,0.0,H,2.0,0.0,H,A Taylor,21.0,3.0,11.0,0.0,11.0,12.0,8.0,0.0,0.0,2.0,0.0,0.0
E0,04/02/17,Tottenham,Middlesbrough,1.0,0.0,H,0.0,0.0,D,M Clattenburg,17.0,8.0,5.0,0.0,8.0,11.0,11.0,2.0,0.0,1.0,0.0,0.0
E0,26/02/17,Tottenham,Stoke,4.0,0.0,H,4.0,0.0,H,J Moss,21.0,5.0,9.0,3.0,11.0,14.0,8.0,5.0,2.0,3.0,0.0,0.0
E0,05/03/17,Tottenham,Everton,3.0,2.0,H,1.0,0.0,H,M Oliver,20.0,8.0,7.0,4.0,9.0,14.0,7.0,2.0,1.0,2.0,0.0,0.0
E0,19/03/17,Tottenham,Southampton,2.0,1.0,H,2.0,0.0,H,A Marriner,12.0,8.0,6.0,3.0,12.0,13.0,5.0,1.0,3.0,3.0,0.0,0.0
E0,08/04/17,Tottenham,Watford,4.0,0.0,H,3.0,0.0,H,A Taylor,19.0,8.0,6.0,2.0,12.0,12.0,7.0,5.0,0.0,1.0,0.0,0.0
E0,15/04/17,Tottenham,Bournemouth,4.0,0.0,H,2.0,0.0,H,M Oliver,24.0,5.0,14.0,1.0,8.0,10.0,13.0,1.0,0.0,1.0,0.0,0.0
E0,30/04/17,Tottenham,Arsenal,2.0,0.0,H,0.0,0.0,D,M Oliver,20.0,12.0,11.0,4.0,7.0,15.0,14.0,5.0,1.0,3.0,0.0,0.0
E0,14/05/17,Tottenham,Man United,2.0,1.0,H,1.0,0.0,H,J Moss,14.0,8.0,7.0,2.0,14.0,15.0,8.0,3.0,1.0,2.0,0.0,0.0
E0,13/08/16,Everton,Tottenham,1.0,1.0,D,1.0,0.0,H,M Atkinson,12.0,13.0,6.0,4.0,10.0,14.0,5.0,6.0,0.0,0.0,0.0,0.0
E0,10/09/16,Stoke,Tottenham,0.0,4.0,A,0.0,1.0,A,A Taylor,15.0,20.0,2.0,8.0,13.0,18.0,10.0,8.0,3.0,2.0,0.0,0.0
E0,24/09/16,Middlesbrough,Tottenham,1.0,2.0,A,0.0,2.0,A,G Scott,6.0,19.0,2.0,5.0,14.0,9.0,2.0,10.0,2.0,1.0,0.0,0.0
E0,15/10/16,West Brom,Tottenham,1.0,1.0,D,0.0,0.0,D,K Friend,8.0,20.0,4.0,8.0,14.0,10.0,5.0,8.0,2.0,2.0,0.0,0.0
E0,22/10/16,Bournemouth,Tottenham,0.0,0.0,D,0.0,0.0,D,C Pawson,8.0,16.0,1.0,4.0,10.0,15.0,7.0,4.0,2.0,4.0,0.0,0.0
E0,06/11/16,Arsenal,Tottenham,1.0,1.0,D,1.0,0.0,H,M Clattenburg,15.0,10.0,2.0,3.0,11.0,17.0,7.0,2.0,1.0,2.0,0.0,0.0
E0,26/11/16,Chelsea,Tottenham,2.0,1.0,H,1.0,1.0,D,M Oliver,9.0,12.0,5.0,6.0,13.0,16.0,3.0,8.0,2.0,1.0,0.0,0.0
E0,11/12/16,Man United,Tottenham,1.0,0.0,H,1.0,0.0,H,R Madley,15.0,12.0,5.0,4.0,19.0,17.0,3.0,8.0,3.0,3.0,0.0,0.0
E0,28/12/16,Southampton,Tottenham,1.0,4.0,A,1.0,1.0,D,M Dean,9.0,17.0,2.0,5.0,7.0,16.0,2.0,10.0,1.0,4.0,1.0,0.0
E0,01/01/17,Watford,Tottenham,1.0,4.0,A,0.0,3.0,A,M Oliver,6.0,19.0,2.0,6.0,11.0,6.0,0.0,3.0,3.0,0.0,0.0,0.0
E0,21/01/17,Man City,Tottenham,2.0,2.0,D,0.0,0.0,D,A Marriner,17.0,6.0,7.0,2.0,10.0,7.0,5.0,4.0,2.0,4.0,0.0,0.0
E0,31/01/17,Sunderland,Tottenham,0.0,0.0,D,0.0,0.0,D,L Mason,3.0,14.0,1.0,3.0,9.0,13.0,2.0,12.0,2.0,1.0,0.0,0.0
E0,11/02/17,Liverpool,Tottenham,2.0,0.0,H,2.0,0.0,H,A Taylor,17.0,7.0,9.0,2.0,14.0,14.0,10.0,3.0,3.0,4.0,0.0,0.0
E0,01/04/17,Burnley,Tottenham,0.0,2.0,A,0.0,0.0,D,S Attwell,13.0,19.0,2.0,7.0,9.0,6.0,3.0,7.0,2.0,0.0,0.0,0.0
E0,05/04/17,Swansea,Tottenham,1.0,3.0,A,1.0,0.0,H,J Moss,4.0,18.0,1.0,8.0,7.0,8.0,5.0,7.0,1.0,1.0,0.0,0.0
E0,26/04/17,Crystal Palace,Tottenham,0.0,1.0,A,0.0,0.0,D,J Moss,6.0,18.0,1.0,4.0,13.0,15.0,2.0,11.0,3.0,3.0,0.0,0.0
E0,05/05/17,West Ham,Tottenham,1.0,0.0,H,0.0,0.0,D,A Taylor,13.0,11.0,5.0,5.0,8.0,9.0,3.0,7.0,4.0,2.0,0.0,0.0
E0,18/05/17,Leicester,Tottenham,1.0,6.0,A,0.0,2.0,A,M Oliver,12.0,26.0,5.0,12.0,11.0,8.0,4.0,4.0,3.0,1.0,0.0,0.0
E0,21/05/17,Hull,Tottenham,1.0,7.0,A,0.0,3.0,A,A Marriner,10.0,19.0,4.0,14.0,14.0,5.0,2.0,3.0,0.0,0.0,0.0,0.0
E0,20/08/17,Tottenham,Chelsea,1.0,2.0,A,0.0,1.0,A,A Taylor,18.0,9.0,6.0,2.0,14.0,21.0,14.0,3.0,3.0,3.0,0.0,0.0
E0,27/08/17,Tottenham,Burnley,1.0,1.0,D,0.0,0.0,D,L Mason,28.0,13.0,5.0,3.0,9.0,9.0,10.0,7.0,0.0,0.0,0.0,0.0
E0,16/09/17,Tottenham,Swansea,0.0,0.0,D,0.0,0.0,D,M Dean,26.0,4.0,8.0,0.0,11.0,9.0,11.0,1.0,1.0,3.0,0.0,0.0
E0,14/10/17,Tottenham,Bournemouth,1.0,0.0,H,0.0,0.0,D,R Madley,18.0,5.0,6.0,1.0,9.0,7.0,9.0,5.0,1.0,3.0,0.0,0.0
E0,22/10/17,Tottenham,Liverpool,4.0,1.0,H,3.0,1.0,H,A Marriner,14.0,12.0,6.0,7.0,2.0,8.0,3.0,5.0,0.0,1.0,0.0,0.0
E0,05/11/17,Tottenham,Crystal Palace,1.0,0.0,H,0.0,0.0,D,K Friend,12.0,11.0,2.0,3.0,6.0,7.0,10.0,9.0,0.0,2.0,0.0,0.0
E0,25/11/17,Tottenham,West Brom,1.0,1.0,D,0.0,1.0,A,M Jones,24.0,5.0,5.0,2.0,10.0,13.0,8.0,0.0,1.0,4.0,0.0,0.0
E0,09/12/17,Tottenham,Stoke,5.0,1.0,H,1.0,0.0,H,R East,20.0,4.0,11.0,3.0,12.0,9.0,12.0,6.0,1.0,0.0,0.0,0.0
E0,13/12/17,Tottenham,Brighton,2.0,0.0,H,1.0,0.0,H,R Madley,25.0,7.0,8.0,4.0,5.0,10.0,10.0,2.0,1.0,1.0,0.0,0.0
E0,26/12/17,Tottenham,Southampton,5.0,2.0,H,2.0,0.0,H,G Scott,16.0,16.0,7.0,6.0,8.0,15.0,3.0,8.0,0.0,2.0,0.0,0.0
E0,04/01/18,Tottenham,West Ham,1.0,1.0,D,0.0,0.0,D,M Dean,31.0,3.0,8.0,1.0,10.0,6.0,7.0,1.0,0.0,2.0,0.0,0.0
E0,13/01/18,Tottenham,Everton,4.0,0.0,H,1.0,0.0,H,C Pawson,20.0,7.0,10.0,0.0,11.0,15.0,3.0,3.0,0.0,2.0,0.0,0.0
E0,31/01/18,Tottenham,Man United,2.0,0.0,H,2.0,0.0,H,A Marriner,22.0,6.0,6.0,3.0,10.0,13.0,6.0,3.0,2.0,2.0,0.0,0.0
E0,10/02/18,Tottenham,Arsenal,1.0,0.0,H,0.0,0.0,D,A Taylor,18.0,6.0,6.0,1.0,13.0,9.0,10.0,2.0,2.0,1.0,0.0,0.0
E0,03/03/18,Tottenham,Huddersfield,2.0,0.0,H,1.0,0.0,H,K Friend,15.0,3.0,7.0,3.0,6.0,8.0,8.0,1.0,1.0,1.0,0.0,0.0
E0,14/04/18,Tottenham,Man City,1.0,3.0,A,1.0,2.0,A,J Moss,8.0,17.0,3.0,6.0,11.0,12.0,5.0,7.0,3.0,4.0,0.0,0.0
E0,30/04/18,Tottenham,Watford,2.0,0.0,H,1.0,0.0,H,M Oliver,13.0,13.0,3.0,5.0,11.0,10.0,4.0,0.0,1.0,0.0,0.0,0.0
E0,09/05/18,Tottenham,Newcastle,1.0,0.0,H,0.0,0.0,D,N Swarbrick,11.0,14.0,7.0,3.0,10.0,8.0,6.0,4.0,2.0,3.0,0.0,0.0
E0,13/05/18,Tottenham,Leicester,5.0,4.0,H,1.0,2.0,A,C Pawson,14.0,16.0,6.0,9.0,9.0,13.0,4.0,4.0,1.0,2.0,0.0,0.0
E0,13/08/17,Newcastle,Tottenham,0.0,2.0,A,0.0,0.0,D,A Marriner,6.0,18.0,3.0,6.0,6.0,10.0,5.0,7.0,1.0,2.0,1.0,0.0
E0,09/09/17,Everton,Tottenham,0.0,3.0,A,0.0,2.0,A,G Scott,12.0,15.0,1.0,6.0,14.0,14.0,7.0,3.0,3.0,1.0,0.0,0.0
E0,23/09/17,West Ham,Tottenham,2.0,3.0,A,0.0,2.0,A,M Oliver,10.0,15.0,4.0,5.0,10.0,20.0,4.0,3.0,4.0,2.0,0.0,1.0
E0,30/09/17,Huddersfield,Tottenham,0.0,4.0,A,0.0,3.0,A,N Swarbrick,6.0,14.0,1.0,7.0,7.0,4.0,4.0,7.0,1.0,1.0,0.0,0.0
E0,28/10/17,Man United,Tottenham,1.0,0.0,H,0.0,0.0,D,J Moss,11.0,13.0,3.0,4.0,12.0,14.0,6.0,3.0,1.0,0.0,0.0,0.0
E0,18/11/17,Arsenal,Tottenham,2.0,0.0,H,2.0,0.0,H,M Dean,14.0,14.0,5.0,4.0,11.0,16.0,7.0,4.0,4.0,1.0,0.0,0.0
E0,28/11/17,Leicester,Tottenham,2.0,1.0,H,2.0,0.0,H,A Taylor,7.0,18.0,4.0,6.0,7.0,10.0,4.0,9.0,1.0,2.0,0.0,0.0
E0,02/12/17,Watford,Tottenham,1.0,1.0,D,1.0,1.0,D,M Atkinson,6.0,8.0,2.0,2.0,16.0,8.0,7.0,2.0,4.0,1.0,0.0,1.0
E0,16/12/17,Man City,Tottenham,4.0,1.0,H,1.0,0.0,H,C Pawson,20.0,7.0,11.0,2.0,13.0,20.0,5.0,1.0,2.0,4.0,0.0,0.0
E0,23/12/17,Burnley,Tottenham,0.0,3.0,A,0.0,1.0,A,M Oliver,5.0,18.0,2.0,8.0,10.0,10.0,4.0,4.0,1.0,2.0,0.0,0.0
E0,02/01/18,Swansea,Tottenham,0.0,2.0,A,0.0,1.0,A,R Madley,8.0,12.0,1.0,5.0,12.0,9.0,6.0,5.0,2.0,2.0,0.0,0.0
E0,21/01/18,Southampton,Tottenham,1.0,1.0,D,1.0,1.0,D,K Friend,10.0,17.0,4.0,2.0,8.0,15.0,2.0,9.0,2.0,3.0,0.0,0.0
E0,04/02/18,Liverpool,Tottenham,2.0,2.0,D,1.0,0.0,H,J Moss,9.0,13.0,3.0,6.0,15.0,9.0,3.0,7.0,3.0,1.0,0.0,0.0
E0,25/02/18,Crystal Palace,Tottenham,0.0,1.0,A,0.0,0.0,D,K Friend,5.0,14.0,3.0,4.0,12.0,5.0,2.0,13.0,0.0,1.0,0.0,0.0
E0,11/03/18,Bournemouth,Tottenham,1.0,4.0,A,1.0,1.0,D,M Dean,14.0,12.0,3.0,8.0,10.0,7.0,4.0,5.0,1.0,1.0,0.0,0.0
E0,01/04/18,Chelsea,Tottenham,1.0,3.0,A,1.0,1.0,D,A Marriner,14.0,12.0,4.0,7.0,4.0,11.0,5.0,5.0,0.0,1.0,0.0,0.0
E0,07/04/18,Stoke,Tottenham,1.0,2.0,A,0.0,0.0,D,G Scott,10.0,15.0,4.0,4.0,19.0,8.0,6.0,3.0,4.0,3.0,0.0,0.0
E0,17/04/18,Brighton,Tottenham,1.0,1.0,D,0.0,0.0,D,K Friend,8.0,16.0,5.0,6.0,6.0,5.0,3.0,4.0,1.0,0.0,0.0,0.0
E0,05/05/18,West Brom,Tottenham,1.0,0.0,H,0.0,0.0,D,M Jones,9.0,18.0,1.0,5.0,13.0,12.0,5.0,9.0,4.0,1.0,0.0,0.0
E0,18/08/2018,Tottenham,Fulham,3.0,1.0,H,1.0,0.0,H,A Taylor,25.0,10.0,11.0,3.0,9.0,5.0,5.0,2.0,0.0,0.0,0.0,0.0
E0,15/09/2018,Tottenham,Liverpool,1.0,2.0,A,0.0,1.0,A,M Oliver,11.0,17.0,3.0,10.0,17.0,16.0,5.0,4.0,0.0,0.0,0.0,0.0
E0,06/10/2018,Tottenham,Cardiff,1.0,0.0,H,1.0,0.0,H,M Dean,19.0,8.0,7.0,6.0,7.0,11.0,6.0,2.0,2.0,1.0,0.0,1.0
E0,29/10/2018,Tottenham,Man City,0.0,1.0,A,0.0,1.0,A,K Friend,4.0,13.0,1.0,6.0,13.0,13.0,3.0,6.0,2.0,2.0,0.0,0.0
E0,24/11/2018,Tottenham,Chelsea,3.0,1.0,H,2.0,0.0,H,M Atkinson,18.0,13.0,9.0,2.0,19.0,12.0,4.0,4.0,0.0,3.0,0.0,0.0
E0,05/12/2018,Tottenham,Southampton,3.0,1.0,H,1.0,0.0,H,A Taylor,13.0,18.0,8.0,5.0,7.0,5.0,8.0,6.0,0.0,0.0,0.0,0.0
E0,15/12/2018,Tottenham,Burnley,1.0,0.0,H,0.0,0.0,D,G Scott,15.0,4.0,3.0,0.0,7.0,8.0,8.0,3.0,0.0,2.0,0.0,0.0
E0,26/12/2018,Tottenham,Bournemouth,5.0,0.0,H,3.0,0.0,H,C Kavanagh,10.0,14.0,7.0,4.0,4.0,8.0,3.0,4.0,2.0,1.0,0.0,0.0
E0,29/12/2018,Tottenham,Wolves,1.0,3.0,A,1.0,0.0,H,S Attwell,10.0,11.0,3.0,4.0,7.0,7.0,6.0,7.0,3.0,2.0,0.0,0.0
E0,13/01/2019,Tottenham,Man United,0.0,1.0,A,0.0,1.0,A,M Dean,21.0,13.0,11.0,8.0,8.0,8.0,7.0,4.0,1.0,2.0,0.0,0.0
E0,30/01/2019,Tottenham,Watford,2.0,1.0,H,0.0,1.0,A,G Scott,17.0,9.0,3.0,1.0,6.0,9.0,9.0,5.0,0.0,4.0,0.0,0.0
E0,02/02/2019,Tottenham,Newcastle,1.0,0.0,H,0.0,0.0,D,A Marriner,21.0,8.0,4.0,2.0,6.0,6.0,6.0,3.0,0.0,1.0,0.0,0.0
E0,10/02/2019,Tottenham,Leicester,3.0,1.0,H,1.0,0.0,H,M Oliver,12.0,20.0,5.0,9.0,11.0,4.0,2.0,9.0,3.0,1.0,0.0,0.0
E0,02/03/2019,Tottenham,Arsenal,1.0,1.0,D,0.0,1.0,A,A Taylor,10.0,9.0,3.0,4.0,15.0,14.0,3.0,4.0,3.0,2.0,0.0,1.0
E0,03/04/2019,Tottenham,Crystal Palace,2.0,0.0,H,0.0,0.0,D,A Marriner,26.0,5.0,10.0,1.0,8.0,5.0,8.0,2.0,1.0,0.0,0.0,0.0
E0,13/04/2019,Tottenham,Huddersfield,4.0,0.0,H,2.0,0.0,H,L Mason,22.0,7.0,5.0,1.0,10.0,12.0,4.0,2.0,2.0,2.0,0.0,0.0
E0,23/04/2019,Tottenham,Brighton,1.0,0.0,H,0.0,0.0,D,C Kavanagh,29.0,6.0,5.0,1.0,7.0,13.0,6.0,3.0,1.0,2.0,0.0,0.0
E0,27/04/2019,Tottenham,West Ham,0.0,1.0,A,0.0,0.0,D,A Taylor,14.0,16.0,4.0,7.0,3.0,8.0,2.0,7.0,0.0,2.0,0.0,0.0
E0,12/05/2019,Tottenham,Everton,2.0,2.0,D,1.0,0.0,H,A Marriner,11.0,17.0,3.0,9.0,10.0,13.0,7.0,4.0,0.0,2.0,0.0,0.0
E0,11/08/2018,Newcastle,Tottenham,1.0,2.0,A,1.0,2.0,A,M Atkinson,15.0,15.0,2.0,5.0,11.0,12.0,3.0,5.0,2.0,2.0,0.0,0.0
E0,27/08/2018,Man United,Tottenham,0.0,3.0,A,0.0,0.0,D,C Pawson,23.0,9.0,5.0,5.0,11.0,16.0,5.0,2.0,2.0,4.0,0.0,0.0
E0,02/09/2018,Watford,Tottenham,2.0,1.0,H,0.0,0.0,D,A Marriner,7.0,11.0,3.0,2.0,9.0,8.0,3.0,10.0,2.0,1.0,0.0,0.0
E0,22/09/2018,Brighton,Tottenham,1.0,2.0,A,0.0,1.0,A,C Kavanagh,8.0,16.0,4.0,7.0,15.0,9.0,5.0,7.0,2.0,1.0,0.0,0.0
E0,29/09/2018,Huddersfield,Tottenham,0.0,2.0,A,0.0,2.0,A,C Pawson,9.0,10.0,5.0,6.0,17.0,16.0,3.0,0.0,2.0,2.0,0.0,0.0
E0,20/10/2018,West Ham,Tottenham,0.0,1.0,A,0.0,1.0,A,M Atkinson,13.0,10.0,4.0,2.0,8.0,10.0,10.0,6.0,3.0,0.0,0.0,0.0
E0,03/11/2018,Wolves,Tottenham,2.0,3.0,A,0.0,2.0,A,M Dean,16.0,10.0,7.0,8.0,11.0,8.0,5.0,1.0,1.0,2.0,0.0,0.0
E0,10/11/2018,Crystal Palace,Tottenham,0.0,1.0,A,0.0,0.0,D,J Moss,11.0,11.0,4.0,2.0,12.0,9.0,10.0,6.0,1.0,1.0,0.0,0.0
E0,02/12/2018,Arsenal,Tottenham,4.0,2.0,H,1.0,2.0,A,M Dean,22.0,11.0,7.0,6.0,15.0,17.0,8.0,5.0,3.0,3.0,0.0,1.0
E0,08/12/2018,Leicester,Tottenham,0.0,2.0,A,0.0,1.0,A,C Pawson,11.0,7.0,3.0,2.0,12.0,7.0,6.0,5.0,3.0,1.0,0.0,0.0
E0,23/12/2018,Everton,Tottenham,2.0,6.0,A,1.0,3.0,A,P Tierney,10.0,17.0,3.0,8.0,13.0,9.0,2.0,1.0,0.0,2.0,0.0,0.0
E0,01/01/2019,Cardiff,Tottenham,0.0,3.0,A,0.0,3.0,A,K Friend,6.0,13.0,3.0,4.0,6.0,6.0,5.0,3.0,1.0,0.0,0.0,0.0
E0,20/01/2019,Fulham,Tottenham,1.0,2.0,A,1.0,0.0,H,C Pawson,12.0,14.0,4.0,5.0,10.0,8.0,7.0,10.0,2.0,3.0,0.0,0.0
E0,23/02/2019,Burnley,Tottenham,2.0,1.0,H,0.0,0.0,D,M Dean,10.0,17.0,4.0,6.0,9.0,12.0,7.0,6.0,1.0,3.0,0.0,0.0
E0,27/02/2019,Chelsea,Tottenham,2.0,0.0,H,0.0,0.0,D,A Marriner,11.0,9.0,1.0,0.0,7.0,14.0,2.0,2.0,1.0,1.0,0.0,0.0
E0,09/03/2019,Southampton,Tottenham,2.0,1.0,H,0.0,1.0,A,K Friend,12.0,16.0,4.0,5.0,16.0,9.0,1.0,10.0,4.0,2.0,0.0,0.0
E0,31/03/2019,Liverpool,Tottenham,2.0,1.0,H,1.0,0.0,H,M Atkinson,14.0,11.0,3.0,2.0,5.0,8.0,10.0,3.0,0.0,1.0,0.0,0.0
E0,20/04/2019,Man City,Tottenham,1.0,0.0,H,1.0,0.0,H,M Oliver,15.0,10.0,4.0,4.0,11.0,11.0,4.0,4.0,1.0,2.0,0.0,0.0
E0,04/05/2019,Bournemouth,Tottenham,1.0,0.0,H,0.0,0.0,D,C Pawson,20.0,11.0,6.0,5.0,11.0,12.0,10.0,6.0,1.0,5.0,0.0,2.0
E0,10/08/2019,Tottenham,Aston Villa,3.0,1.0,H,0.0,1.0,A,C Kavanagh,31.0,7.0,7.0,4.0,13.0,9.0,14.0,0.0,1.0,0.0,0.0,0.0
E0,25/08/2019,Tottenham,Newcastle,0.0,1.0,A,0.0,1.0,A,M Dean,17.0,8.0,2.0,3.0,10.0,5.0,6.0,6.0,2.0,2.0,0.0,0.0
E0,14/09/2019,Tottenham,Crystal Palace,4.0,0.0,H,4.0,0.0,H,C Pawson,13.0,11.0,5.0,6.0,19.0,11.0,4.0,3.0,4.0,2.0,0.0,0.0
E0,28/09/2019,Tottenham,Southampton,2.0,1.0,H,2.0,1.0,H,G Scott,9.0,14.0,4.0,6.0,5.0,16.0,6.0,6.0,0.0,2.0,1.0,0.0
E0,19/10/2019,Tottenham,Watford,1.0,1.0,D,0.0,1.0,A,C Kavanagh,12.0,7.0,2.0,2.0,5.0,9.0,11.0,2.0,4.0,3.0,0.0,0.0
E0,09/11/2019,Tottenham,Sheffield United,1.0,1.0,D,0.0,0.0,D,G Scott,17.0,14.0,5.0,4.0,6.0,9.0,4.0,4.0,2.0,2.0,0.0,0.0
E0,30/11/2019,Tottenham,Bournemouth,3.0,2.0,H,1.0,0.0,H,L Mason,15.0,20.0,5.0,6.0,10.0,12.0,4.0,8.0,0.0,2.0,0.0,0.0
E0,07/12/2019,Tottenham,Burnley,5.0,0.0,H,3.0,0.0,H,K Friend,13.0,7.0,7.0,1.0,12.0,8.0,1.0,1.0,1.0,1.0,0.0,0.0
E0,22/12/2019,Tottenham,Chelsea,0.0,2.0,A,0.0,2.0,A,A Taylor,5.0,13.0,1.0,3.0,9.0,11.0,3.0,5.0,4.0,3.0,1.0,0.0
E0,26/12/2019,Tottenham,Brighton,2.0,1.0,H,0.0,1.0,A,G Scott,11.0,11.0,5.0,5.0,10.0,9.0,9.0,2.0,4.0,2.0,0.0,0.0
E0,11/01/2020,Tottenham,Liverpool,0.0,1.0,A,0.0,1.0,A,M Atkinson,14.0,13.0,4.0,7.0,4.0,8.0,4.0,3.0,0.0,2.0,0.0,0.0
E0,22/01/2020,Tottenham,Norwich,2.0,1.0,H,1.0,0.0,H,C Kavanagh,14.0,12.0,3.0,2.0,12.0,7.0,7.0,3.0,0.0,1.0,0.0,0.0
E0,02/02/2020,Tottenham,Man City,2.0,0.0,H,0.0,0.0,D,M Dean,3.0,18.0,3.0,5.0,8.0,14.0,2.0,6.0,2.0,3.0,0.0,1.0
E0,01/03/2020,Tottenham,Wolves,2.0,3.0,A,2.0,1.0,H,S Attwell,13.0,14.0,5.0,4.0,12.0,14.0,4.0,5.0,3.0,2.0,0.0,0.0
E0,19/06/2020,Tottenham,Man United,1.0,1.0,D,1.0,0.0,H,J Moss,10.0,12.0,3.0,6.0,17.0,18.0,7.0,6.0,0.0,1.0,0.0,0.0
E0,23/06/2020,Tottenham,West Ham,2.0,0.0,H,0.0,0.0,D,C Pawson,15.0,10.0,4.0,2.0,12.0,7.0,9.0,4.0,2.0,2.0,0.0,0.0
E0,06/07/2020,Tottenham,Everton,1.0,0.0,H,1.0,0.0,H,G Scott,12.0,11.0,2.0,3.0,14.0,18.0,5.0,6.0,3.0,2.0,0.0,0.0
E0,12/07/2020,Tottenham,Arsenal,2.0,1.0,H,1.0,1.0,D,M Oliver,15.0,13.0,9.0,4.0,16.0,11.0,6.0,5.0,5.0,3.0,0.0,0.0
E0,19/07/2020,Tottenham,Leicester,3.0,0.0,H,3.0,0.0,H,A Taylor,7.0,24.0,3.0,6.0,15.0,10.0,4.0,13.0,2.0,1.0,0.0,0.0
E0,17/08/2019,Man City,Tottenham,2.0,2.0,D,2.0,1.0,H,M Oliver,30.0,3.0,10.0,2.0,14.0,4.0,13.0,2.0,1.0,0.0,0.0,0.0
E0,01/09/2019,Arsenal,Tottenham,2.0,2.0,D,1.0,2.0,A,M Atkinson,26.0,13.0,8.0,9.0,13.0,19.0,11.0,6.0,3.0,5.0,0.0,0.0
E0,21/09/2019,Leicester,Tottenham,2.0,1.0,H,0.0,1.0,A,P Tierney,16.0,11.0,7.0,4.0,16.0,13.0,8.0,2.0,1.0,2.0,0.0,0.0
E0,05/10/2019,Brighton,Tottenham,3.0,0.0,H,2.0,0.0,H,J Moss,17.0,8.0,6.0,3.0,11.0,7.0,4.0,4.0,2.0,1.0,0.0,0.0
E0,27/10/2019,Liverpool,Tottenham,2.0,1.0,H,0.0,1.0,A,A Taylor,21.0,11.0,13.0,4.0,9.0,11.0,8.0,3.0,3.0,3.0,0.0,0.0
E0,03/11/2019,Everton,Tottenham,1.0,1.0,D,0.0,0.0,D,M Atkinson,7.0,4.0,3.0,2.0,9.0,8.0,5.0,2.0,1.0,2.0,0.0,1.0
E0,23/11/2019,West Ham,Tottenham,2.0,3.0,A,0.0,2.0,A,M Oliver,11.0,15.0,4.0,6.0,12.0,14.0,3.0,7.0,3.0,2.0,0.0,0.0
E0,04/12/2019,Man United,Tottenham,2.0,1.0,H,1.0,1.0,D,P Tierney,12.0,8.0,7.0,5.0,9.0,9.0,4.0,3.0,0.0,1.0,0.0,0.0
E0,15/12/2019,Wolves,Tottenham,1.0,2.0,A,0.0,1.0,A,S Attwell,18.0,9.0,5.0,5.0,14.0,10.0,11.0,2.0,4.0,4.0,0.0,0.0
E0,28/12/2019,Norwich,Tottenham,2.0,2.0,D,1.0,0.0,H,K Friend,5.0,15.0,2.0,7.0,12.0,10.0,4.0,6.0,3.0,3.0,0.0,0.0
E0,01/01/2020,Southampton,Tottenham,1.0,0.0,H,1.0,0.0,H,M Dean,12.0,11.0,3.0,5.0,21.0,8.0,6.0,9.0,3.0,4.0,0.0,0.0
E0,18/01/2020,Watford,Tottenham,0.0,0.0,D,0.0,0.0,D,M Oliver,15.0,17.0,2.0,5.0,13.0,13.0,3.0,3.0,2.0,3.0,0.0,0.0
E0,16/02/2020,Aston Villa,Tottenham,2.0,3.0,A,1.0,2.0,A,M Atkinson,18.0,23.0,4.0,10.0,12.0,10.0,12.0,7.0,2.0,0.0,0.0,0.0
E0,22/02/2020,Chelsea,Tottenham,2.0,1.0,H,1.0,0.0,H,M Oliver,17.0,5.0,7.0,3.0,14.0,14.0,3.0,5.0,1.0,2.0,0.0,0.0
E0,07/03/2020,Burnley,Tottenham,1.0,1.0,D,1.0,0.0,H,J Moss,21.0,13.0,8.0,2.0,16.0,11.0,3.0,5.0,5.0,4.0,0.0,0.0
E0,02/07/2020,Sheffield United,Tottenham,3.0,1.0,H,1.0,0.0,H,C Kavanagh,7.0,9.0,5.0,2.0,13.0,13.0,1.0,6.0,2.0,0.0,0.0,0.0
E0,09/07/2020,Bournemouth,Tottenham,0.0,0.0,D,0.0,0.0,D,P Tierney,9.0,9.0,2.0,0.0,11.0,14.0,8.0,12.0,3.0,2.0,0.0,0.0
E0,15/07/2020,Newcastle,Tottenham,1.0,3.0,A,0.0,1.0,A,D Coote,22.0,8.0,6.0,5.0,6.0,13.0,5.0,4.0,2.0,3.0,0.0,0.0
E0,26/07/2020,Crystal Palace,Tottenham,1.0,1.0,D,0.0,1.0,A,A Marriner,13.0,7.0,2.0,2.0,11.0,13.0,7.0,2.0,3.0,2.0,0.0,0.0
E0,13/09/2020,Tottenham,Everton,0.0,1.0,A,0.0,0.0,D,M Atkinson,9.0,15.0,5.0,4.0,15.0,7.0,5.0,3.0,1.0,0.0,0.0,0.0
E0,27/09/2020,Tottenham,Newcastle,1.0,1.0,D,1.0,0.0,H,P Bankes,23.0,6.0,12.0,1.0,15.0,9.0,10.0,4.0,1.0,4.0,0.0,0.0
E0,18/10/2020,Tottenham,West Ham,3.0,3.0,D,3.0,0.0,H,P Tierney,11.0,13.0,6.0,4.0,13.0,12.0,3.0,7.0,0.0,5.0,0.0,0.0
E0,01/11/2020,Tottenham,Brighton,2.0,1.0,H,1.0,0.0,H,G Scott,9.0,6.0,3.0,2.0,14.0,13.0,4.0,5.0,2.0,1.0,0.0,0.0
E0,21/11/2020,Tottenham,Man City,2.0,0.0,H,1.0,0.0,H,M Dean,4.0,22.0,2.0,5.0,13.0,19.0,0.0,10.0,2.0,2.0,0.0,0.0
E0,06/12/2020,Tottenham,Arsenal,2.0,0.0,H,2.0,0.0,H,M Atkinson,6.0,11.0,3.0,2.0,16.0,12.0,3.0,9.0,1.0,2.0,0.0,0.0
E0,20/12/2020,Tottenham,Leicester,0.0,2.0,A,0.0,1.0,A,C Pawson,8.0,17.0,3.0,4.0,15.0,14.0,5.0,3.0,2.0,2.0,0.0,0.0
E0,02/01/2021,Tottenham,Leeds,3.0,0.0,H,2.0,0.0,H,D Coote,20.0,18.0,7.0,5.0,15.0,13.0,3.0,5.0,2.0,1.0,1.0,0.0
E0,13/01/2021,Tottenham,Fulham,1.0,1.0,D,1.0,0.0,H,P Tierney,15.0,15.0,6.0,4.0,13.0,15.0,6.0,5.0,1.0,2.0,0.0,0.0
E0,28/01/2021,Tottenham,Liverpool,1.0,3.0,A,0.0,1.0,A,M Atkinson,3.0,14.0,2.0,7.0,9.0,11.0,1.0,2.0,1.0,2.0,0.0,0.0
E0,04/02/2021,Tottenham,Chelsea,0.0,1.0,A,0.0,1.0,A,A Marriner,7.0,18.0,2.0,2.0,20.0,14.0,2.0,7.0,2.0,3.0,0.0,0.0
E0,07/02/2021,Tottenham,West Brom,2.0,0.0,H,0.0,0.0,D,S Attwell,13.0,4.0,6.0,1.0,16.0,12.0,8.0,0.0,1.0,2.0,0.0,0.0
E0,28/02/2021,Tottenham,Burnley,4.0,0.0,H,3.0,0.0,H,K Friend,16.0,10.0,7.0,3.0,6.0,10.0,3.0,4.0,0.0,0.0,0.0,0.0
E0,07/03/2021,Tottenham,Crystal Palace,4.0,1.0,H,1.0,1.0,D,S Attwell,12.0,5.0,5.0,1.0,8.0,17.0,1.0,5.0,2.0,3.0,0.0,0.0
E0,11/04/2021,Tottenham,Man United,1.0,3.0,A,1.0,0.0,H,C Kavanagh,12.0,12.0,3.0,7.0,11.0,15.0,7.0,5.0,1.0,5.0,0.0,0.0
E0,21/04/2021,Tottenham,Southampton,2.0,1.0,H,0.0,1.0,A,D Coote,12.0,10.0,3.0,5.0,10.0,14.0,5.0,5.0,2.0,1.0,0.0,0.0
E0,02/05/2021,Tottenham,Sheffield United,4.0,0.0,H,1.0,0.0,H,A Marriner,20.0,8.0,11.0,1.0,8.0,9.0,6.0,6.0,1.0,1.0,0.0,0.0
E0,16/05/2021,Tottenham,Wolves,2.0,0.0,H,1.0,0.0,H,M Atkinson,24.0,15.0,13.0,3.0,8.0,11.0,10.0,3.0,1.0,0.0,0.0,0.0
E0,19/05/2021,Tottenham,Aston Villa,1.0,2.0,A,1.0,2.0,A,C Pawson,10.0,20.0,4.0,4.0,14.0,13.0,4.0,5.0,1.0,1.0,0.0,0.0
E0,20/09/2020,Southampton,Tottenham,2.0,5.0,A,1.0,1.0,D,D Coote,14.0,9.0,7.0,6.0,16.0,18.0,3.0,2.0,4.0,3.0,0.0,0.0
E0,04/10/2020,Man United,Tottenham,1.0,6.0,A,1.0,4.0,A,A Taylor,5.0,22.0,2.0,8.0,14.0,10.0,2.0,4.0,2.0,1.0,1.0,0.0
E0,26/10/2020,Burnley,Tottenham,0.0,1.0,A,0.0,0.0,D,M Oliver,13.0,9.0,4.0,3.0,9.0,7.0,4.0,5.0,2.0,0.0,0.0,0.0
E0,08/11/2020,West Brom,Tottenham,0.0,1.0,A,0.0,0.0,D,A Madley,12.0,19.0,2.0,5.0,17.0,12.0,9.0,6.0,1.0,0.0,0.0,0.0
E0,29/11/2020,Chelsea,Tottenham,0.0,0.0,D,0.0,0.0,D,P Tierney,13.0,5.0,3.0,1.0,20.0,9.0,3.0,3.0,4.0,2.0,0.0,0.0
E0,13/12/2020,Crystal Palace,Tottenham,1.0,1.0,D,0.0,1.0,A,K Friend,16.0,14.0,5.0,6.0,15.0,11.0,4.0,7.0,1.0,1.0,0.0,0.0
E0,16/12/2020,Liverpool,Tottenham,2.0,1.0,H,1.0,1.0,D,A Taylor,17.0,8.0,11.0,2.0,8.0,9.0,7.0,4.0,0.0,2.0,0.0,0.0
E0,27/12/2020,Wolves,Tottenham,1.0,1.0,D,0.0,1.0,A,P Tierney,11.0,6.0,6.0,3.0,20.0,13.0,9.0,2.0,4.0,1.0,0.0,0.0
E0,17/01/2021,Sheffield United,Tottenham,1.0,3.0,A,0.0,2.0,A,A Marriner,15.0,14.0,5.0,5.0,13.0,4.0,5.0,7.0,4.0,0.0,0.0,0.0
E0,31/01/2021,Brighton,Tottenham,1.0,0.0,H,1.0,0.0,H,P Bankes,16.0,8.0,5.0,4.0,11.0,11.0,9.0,2.0,2.0,1.0,0.0,0.0
E0,13/02/2021,Man City,Tottenham,3.0,0.0,H,1.0,0.0,H,P Tierney,15.0,7.0,6.0,3.0,12.0,13.0,4.0,2.0,1.0,3.0,0.0,0.0
E0,21/02/2021,West Ham,Tottenham,2.0,1.0,H,1.0,0.0,H,C Pawson,4.0,20.0,4.0,4.0,14.0,7.0,5.0,7.0,4.0,3.0,0.0,0.0
E0,04/03/2021,Fulham,Tottenham,0.0,1.0,A,0.0,1.0,A,D Coote,11.0,9.0,3.0,2.0,13.0,9.0,4.0,1.0,2.0,1.0,0.0,0.0
E0,14/03/2021,Arsenal,Tottenham,2.0,1.0,H,1.0,1.0,D,M Oliver,13.0,6.0,3.0,3.0,12.0,14.0,6.0,3.0,1.0,2.0,0.0,1.0
E0,21/03/2021,Aston Villa,Tottenham,0.0,2.0,A,0.0,1.0,A,M Dean,8.0,9.0,1.0,3.0,18.0,13.0,5.0,8.0,3.0,2.0,0.0,0.0
E0,04/04/2021,Newcastle,Tottenham,2.0,2.0,D,1.0,2.0,A,C Pawson,22.0,11.0,6.0,5.0,13.0,14.0,7.0,3.0,3.0,2.0,0.0,0.0
E0,16/04/2021,Everton,Tottenham,2.0,2.0,D,1.0,1.0,D,M Oliver,18.0,12.0,7.0,3.0,8.0,8.0,6.0,3.0,1.0,1.0,0.0,0.0
E0,08/05/2021,Leeds,Tottenham,3.0,1.0,H,2.0,1.0,H,M Oliver,16.0,11.0,7.0,3.0,12.0,10.0,8.0,6.0,1.0,2.0,0.0,0.0
E0,23/05/2021,Leicester,Tottenham,2.0,4.0,A,1.0,1.0,D,A Taylor,10.0,11.0,6.0,4.0,9.0,8.0,8.0,7.0,0.0,2.0,0.0,0.0
